year,interpolated,sigma_mean_CO2,trend,fluctuation,date
0,405.14,0,407.22,-1,Oct-17
-0.09,403.64,0,407.03,1,Sep-17
-0.17,403.38,0,406.93,1,Aug-17
-0.26,405.07,0,406.94,1,Jul-17
-0.34,407.07,0,406.65,1,Jun-17
-0.42,408.84,0,406.51,-1,May-17
-0.5,409.65,0,406.24,-1,Apr-17
-0.59,409,0,406.1,-1,Mar-17
-0.67,407.18,0,405.61,-1,Feb-17
-0.76,406.42,0,405.61,-1,Jan-17
-0.84,406.13,0,405.89,-1,Dec-17
-0.92,404.42,0,405.2,-1,Nov-16
-1,403.53,0,405.62,-1,Oct-16
-1.09,401.57,0,404.95,1,Sep-16
-1.17,401.03,0,404.57,1,Aug-16
-1.26,402.25,0,404.13,1,Jul-16
-1.34,404.39,0,403.97,1,Jun-16
-1.42,406.81,0,404.48,1,May-16
-1.5,407.7,0,404.3,1,Apr-16
-1.59,407.42,0,404.52,1,Mar-16
-1.67,404.83,0,403.26,1,Feb-16
-1.76,404.04,0,403.22,1,Jan-16
-1.84,402.52,0,402.28,1,Dec-16
-1.92,401.85,0,402.63,1,Nov-15
-2,400.16,0,402.24,1,Oct-15
-2.09,398.29,0,401.67,1,Sep-15
-2.17,397.63,0,401.18,1,Aug-15
-2.26,398.93,0,400.81,1,Jul-15
-2.34,401.31,0,400.89,1,Jun-15
-2.42,402.8,0,400.47,-1,May-15
-2.5,403.96,0,400.55,-1,Apr-15
-2.59,403.28,0,400.38,-1,Mar-15
-2.67,401.54,0,399.97,-1,Feb-15
-2.76,400.28,0,399.47,-1,Jan-15
-2.84,399.98,0,399.74,-1,Dec-15
-2.92,398.91,0,399.69,-1,Nov-14
-3,397.28,0,399.36,-1,Oct-14
-3.09,396.03,0,399.41,1,Sep-14
-3.17,395.38,0,398.93,1,Aug-14
-3.26,397.03,0,398.91,1,Jul-14
-3.34,399.1,0,398.69,1,Jun-14
-3.42,401.25,0,398.93,1,May-14
-3.5,401.78,0,398.37,1,Apr-14
-3.59,401.38,0,398.48,1,Mar-14
-3.67,399.77,0,398.19,1,Feb-14
-3.76,398.01,0,397.2,1,Jan-14
-3.84,397.85,0,397.61,1,Dec-14
-3.92,396.84,0,397.59,1,Nov-13
-4,395.16,0,397.14,1,Oct-13
-4.09,393.7,0,397.04,1,Sep-13
-4.17,393.45,0,396.99,1,Aug-13
-4.26,395.2,0,397.08,1,Jul-13
-4.34,397.32,0,396.92,1,Jun-13
-4.42,398.61,0,396.28,-1,May-13
-4.5,399.78,0,396.4,-1,Apr-13
-4.59,398.41,0,395.53,-1,Mar-13
-4.67,397.43,0,395.85,-1,Feb-13
-4.76,396.8,0,396.02,-1,Jan-13
-4.84,395.55,0,395.4,-1,Dec-13
-4.92,394.34,0,395.04,-1,Nov-12
-5,392.98,0,395.02,-1,Oct-12
-5.09,391.05,0,394.41,1,Sep-12
-5.17,391.11,0,394.54,1,Aug-12
-5.26,392.39,0,394.17,1,Jul-12
-5.34,394.36,0,393.92,1,Jun-12
-5.42,395.71,0,393.45,1,May-12
-5.5,396.74,0,393.54,1,Apr-12
-5.59,396.18,0,393.43,1,Mar-12
-5.67,394.4,0,392.8,1,Feb-12
-5.76,393.86,0,393.04,1,Jan-12
-5.84,393.12,0,392.89,1,Dec-12
-5.92,391.86,0,392.66,1,Nov-11
-6,390.28,0,392.44,1,Oct-11
-6.09,389,0,392.33,1,Sep-11
-6.17,389.08,0,392.4,1,Aug-11
-6.26,390.13,0,391.83,1,Jul-11
-6.34,392.51,0,392.04,1,Jun-11
-6.42,393.73,0,391.44,-1,May-11
-6.5,394.19,0,391.02,-1,Apr-11
-6.59,393.25,0,390.63,-1,Mar-11
-6.67,392.6,0,391.07,-1,Feb-11
-6.76,391.86,0,390.94,-1,Jan-11
-6.84,391.33,0,391.03,-1,Dec-11
-6.92,389.79,0,390.6,-1,Nov-10
-7,388.67,0,390.79,-1,Oct-10
-7.09,387.24,0,390.53,1,Sep-10
-7.17,386.85,0,390.14,1,Aug-10
-7.26,388.35,0,390.01,1,Jul-10
-7.34,390.2,0,389.72,1,Jun-10
-7.42,392.15,0,389.89,1,May-10
-7.5,393,0,389.88,1,Apr-10
-7.59,392.46,0,389.89,1,Mar-10
-7.67,391.17,0,389.65,1,Feb-10
-7.76,390.2,0,389.26,1,Jan-10
-7.84,388.71,0,388.41,1,Dec-10
-7.92,387.42,0,388.23,1,Nov-09
-8,386.02,0,388.16,1,Oct-09
-8.09,384.43,0,387.68,1,Sep-09
-8.17,384.74,0,388.01,1,Aug-09
-8.26,386.11,0,387.8,1,Jul-09
-8.34,388.03,0,387.55,1,Jun-09
-8.42,389.48,0,387.24,-1,May-09
-8.5,390.14,0,387.02,-1,Apr-09
-8.59,389.55,0,386.92,-1,Mar-09
-8.67,388.82,0,387.32,-1,Feb-09
-8.76,387.48,0,386.59,-1,Jan-09
-8.84,386.94,0,386.63,-1,Dec-09
-8.92,385.56,0,386.41,-1,Nov-08
-9,384.19,0,386.37,-1,Oct-08
-9.09,382.99,0,386.27,1,Sep-08
-9.17,383.18,0,386.46,1,Aug-08
-9.26,384.09,0,385.75,1,Jul-08
-9.34,386.35,0,385.79,1,Jun-08
-9.42,387.76,0,385.46,1,May-08
-9.5,388.54,0,385.45,1,Apr-08
-9.59,387.21,0,384.58,1,Mar-08
-9.67,386.03,0,384.48,1,Feb-08
-9.76,385.82,0,384.96,1,Jan-08
-9.84,385.52,0,385.28,1,Dec-08
-9.92,383.95,0,384.83,1,Nov-07
-10,382.45,0,384.65,1,Oct-07
-10.09,381.12,0,384.47,1,Sep-07
-10.17,380.96,0,384.32,1,Aug-07
-10.26,381.99,0,383.7,-1,Jul-07
-10.34,384.5,0,384.02,-1,Jun-07
-10.42,386.1,0,383.84,-1,May-07
-10.5,386.56,0,383.34,-1,Apr-07
-10.59,386.5,0,383.71,-1,Mar-07
-10.67,384.58,0,382.94,-1,Feb-07
-10.76,383.9,0,383.01,-1,Jan-07
-10.84,382.89,0,382.67,-1,Dec-07
-10.92,381.82,0,382.64,-1,Nov-06
-11,380.15,0,382.33,-1,Oct-06
-11.09,379.13,0,382.46,1,Sep-06
-11.17,378.85,0,382.16,1,Aug-06
-11.26,380.41,0,382.08,1,Jul-06
-11.34,382.46,0,381.91,1,Jun-06
-11.42,384.05,0,381.75,1,May-06
-11.5,385.03,0,381.87,1,Apr-06
-11.59,384.61,0,381.91,1,Mar-06
-11.67,382.67,0,381.14,1,Feb-06
-11.76,382.19,0,381.38,1,Jan-06
-11.84,381.38,0,381.14,1,Dec-06
-11.92,380.11,0,380.9,1,Nov-05
-12,378.35,0,380.5,1,Oct-05
-12.09,377,0,380.31,1,Sep-05
-12.17,376.7,0,380.01,1,Aug-05
-12.26,378.74,0,380.42,-1,Jul-05
-12.34,380.74,0,380.18,-1,Jun-05
-12.42,382.21,0,379.88,-1,May-05
-12.5,382.45,0,379.31,-1,Apr-05
-12.59,382.29,0,379.65,-1,Mar-05
-12.67,380.77,0,379.27,-1,Feb-05
-12.76,379.73,0,378.93,-1,Jan-05
-12.84,378.46,0,378.21,-1,Dec-05
-12.92,377.51,0,378.31,-1,Nov-04
-13,376.16,0,378.31,-1,Oct-04
-13.09,374.46,0,377.82,1,Sep-04
-13.17,374.25,0,377.62,1,Aug-04
-13.26,376.01,0,377.74,1,Jul-04
-13.34,377.47,0,376.94,1,Jun-04
-13.42,379.69,0,377.39,1,May-04
-13.5,380.62,0,377.48,1,Apr-04
-13.59,380.35,0,377.62,1,Mar-04
-13.67,378.88,0,377.23,1,Feb-04
-13.76,377.87,0,377.02,1,Jan-04
-13.84,377,0,376.78,1,Dec-04
-13.92,375.99,0,376.75,1,Nov-03
-14,374.66,0,376.81,1,Oct-03
-14.09,373.15,0,376.47,1,Sep-03
-14.17,373.17,0,376.48,1,Aug-03
-14.26,374.38,0,376.08,1,Jul-03
-14.34,376.7,0,376.19,1,Jun-03
-14.42,378.28,0,376.03,-1,May-03
-14.5,378.6,0,375.55,-1,Apr-03
-14.59,377.73,0,375.06,-1,Mar-03
-14.67,376.46,0,374.8,-1,Feb-03
-14.76,375.64,0,374.77,-1,Jan-03
-14.84,374.88,0,374.63,-1,Dec-03
-14.92,373.79,0,374.54,-1,Nov-02
-15,372.25,0,374.34,-1,Oct-02
-15.09,370.55,0,373.88,1,Sep-02
-15.17,370.75,0,374.11,1,Aug-02
-15.26,371.85,0,373.52,1,Jul-02
-15.34,374.01,0,373.42,1,Jun-02
-15.42,375.52,0,373.3,1,May-02
-15.5,375.76,0,372.81,1,Apr-02
-15.59,375.02,0,372.37,1,Mar-02
-15.67,374.12,0,372.44,1,Feb-02
-15.76,373.2,0,372.33,1,Jan-02
-15.84,372.53,0,372.3,1,Dec-02
-15.92,371.24,0,371.92,1,Nov-01
-16,369.76,0,371.74,1,Oct-01
-16.09,368.45,0,371.69,1,Sep-01
-16.17,368.18,0,371.44,1,Aug-01
-16.26,369.61,0,371.22,-1,Jul-01
-16.34,371.51,0,370.9,-1,Jun-01
-16.42,373.21,0,370.99,-1,May-01
-16.5,373.85,0,370.94,-1,Apr-01
-16.59,373.37,0,370.81,-1,Mar-01
-16.67,372.43,0,370.87,-1,Feb-01
-16.76,371.51,0,370.78,-1,Jan-01
-16.84,370.59,0,370.43,-1,Dec-01
-16.92,369.67,0,370.3,-1,Nov-00
-17,368.37,0,370.32,-1,Oct-00
-17.09,367.03,0,370.26,1,Sep-00
-17.17,367,0,370.3,1,Aug-00
-17.26,368.13,0,369.72,1,Jul-00
-17.34,369.86,0,369.2,1,Jun-00
-17.42,371.7,0,369.5,1,May-00
-17.5,371.58,0,368.71,1,Apr-00
-17.59,371.82,0,369.28,1,Mar-00
-17.67,370.6,0,369.09,1,Feb-00
-17.76,369.54,0,368.83,1,Jan-00
-17.84,369.29,0,369.08,1,Dec-00
-17.92,368.1,0,368.77,1,Nov-99
-18,366.72,0,368.71,1,Oct-99
-18.09,365.37,0,368.64,1,Sep-99
-18.17,364.81,0,368.13,1,Aug-99
-18.26,366.9,0,368.48,-1,Jul-99
-18.34,369.45,0,368.77,-1,Jun-99
-18.42,370.3,0,368.13,-1,May-99
-18.5,370.96,0,368.15,-1,Apr-99
-18.59,370.99,0,368.45,-1,Mar-99
-18.67,369.68,0,368.08,-1,Feb-99
-18.76,369.07,0,368.26,-1,Jan-99
-18.84,368.18,0,367.96,-1,Dec-99
-18.92,367.13,0,367.88,-1,Nov-98
-19,365.52,0,367.56,-1,Oct-98
-19.09,364.4,0,367.67,1,Sep-98
-19.17,364.02,0,367.37,1,Aug-98
-19.26,365.95,0,367.55,1,Jul-98
-19.34,367.82,0,367.14,1,Jun-98
-19.42,368.99,0,366.8,1,May-98
-19.5,369.42,0,366.55,1,Apr-98
-19.59,368.66,0,366.03,1,Mar-98
-19.67,367.24,0,365.6,1,Feb-98
-19.76,365.98,0,,,Jan-98
-19.84,365.26,0,365.07,,Dec-98
-19.92,364.38,0,365.15,,Nov-97
-20,362.49,0,364.56,,Oct-97
-20.09,360.82,0,364.12,,Sep-97
-20.17,360.29,0,363.68,,Aug-97
-20.26,362.25,0,363.84,,Jul-97
-20.34,364.31,0,363.6,,Jun-97
-20.42,365.59,0,363.41,,May-97
-20.5,366.64,0,363.74,,Apr-97
-20.59,366.35,0,363.68,,Mar-97
-20.67,364.51,0,362.88,,Feb-97
-20.76,364.03,0,363.22,,Jan-97
-20.84,363.09,0,362.88,,Dec-97
-20.92,362.25,0,363.08,,Nov-96
-21,360.89,0,363.03,,Oct-96
-21.09,359.58,0,362.97,,Sep-96
-21.17,359.54,0,362.99,,Aug-96
-21.26,361.38,0,362.98,,Jul-96
-21.34,363.55,0,362.85,,Jun-96
-21.42,364.92,0,362.69,,May-96
-21.5,365.13,0,362.1,,Apr-96
-21.59,364.57,0,361.86,,Mar-96
-21.67,364.17,0,362.53,,Feb-96
-21.76,363.24,0,362.35,,Jan-96
-21.84,362.07,0,361.85,,Dec-96
-21.92,360.68,0,361.53,,Nov-95
-22,359.45,0,361.59,,Oct-95
-22.09,357.99,0,361.37,,Sep-95
-22.17,358.17,0,361.55,,Aug-95
-22.26,359.12,0,360.73,,Jul-95
-22.34,361.64,0,360.97,,Jun-95
-22.42,363.19,0,360.84,,May-95
-22.5,363.69,0,360.58,,Apr-95
-22.59,363.3,0,360.62,,Mar-95
-22.67,361.83,0,360.22,,Feb-95
-22.76,360.86,0,360.05,,Jan-95
-22.84,359.92,0,359.79,,Dec-95
-22.92,358.98,0,359.83,,Nov-94
-23,357.53,0,359.68,,Oct-94
-23.09,356.08,0,359.49,,Sep-94
-23.17,355.73,0,359.17,,Aug-94
-23.26,357.46,0,359.16,,Jul-94
-23.34,359.38,0,358.79,,Jun-94
-23.42,360.81,0,358.44,,May-94
-23.5,361.65,0,358.46,,Apr-94
-23.59,361.23,0,358.46,,Mar-94
-23.67,359.99,0,358.29,,Feb-94
-23.76,358.92,0,358.09,,Jan-94
-23.84,358.24,0,358.13,,Dec-94
-23.92,356.91,0,357.8,,Nov-93
-24,355.41,0,357.54,,Oct-93
-24.09,354.12,0,357.49,,Sep-93
-24.17,354.03,0,357.39,,Aug-93
-24.26,355.64,0,357.32,,Jul-93
-24.34,357.33,0,356.76,,Jun-93
-24.42,359.52,0,357.12,,May-93
-24.5,360.19,0,357.03,,Apr-93
-24.59,359.27,0,356.59,,Mar-93
-24.67,358.47,0,356.76,,Feb-93
-24.76,357.31,0,356.44,,Jan-93
-24.84,357,0,356.96,,Dec-93
-24.92,355.57,0,356.39,,Nov-92
-25,354.32,0,356.38,,Oct-92
-25.09,353.32,0,356.63,,Sep-92
-25.17,352.96,0,356.29,,Aug-92
-25.26,354.94,0,356.62,,Jul-92
-25.34,357.01,0,356.44,,Jun-92
-25.42,359.33,0,356.97,,May-92
-25.5,359.59,0,356.41,,Apr-92
-25.59,359.09,0,356.39,,Mar-92
-25.67,357.86,0,356.27,,Feb-92
-25.76,357.11,0,356.38,,Jan-92
-25.84,356.25,0,356.2,,Dec-92
-25.92,355.12,0,355.93,,Nov-91
-26,353.81,0,355.8,,Oct-91
-26.09,352.35,0,355.62,,Sep-91
-26.17,352.25,0,355.56,,Aug-91
-26.26,353.85,0,355.46,,Jul-91
-26.34,356.19,0,355.59,,Jun-91
-26.42,358.13,0,355.8,,May-91
-26.5,359.13,0,356,,Apr-91
-26.59,358.66,0,356.02,,Mar-91
-26.67,357.23,0,355.67,,Feb-91
-26.76,355.73,0,355.02,,Jan-91
-26.84,354.84,0,354.82,,Dec-91
-26.92,354.33,0,355.19,,Nov-90
-27,353.07,0,355.13,,Oct-90
-27.09,351.62,0,354.89,,Sep-90
-27.17,351.31,0,354.61,,Aug-90
-27.26,353.01,0,354.61,,Jul-90
-27.34,354.84,0,354.19,,Jun-90
-27.42,356.34,0,353.97,,May-90
-27.5,357.32,0,354.16,,Apr-90
-27.59,356.32,0,353.68,,Mar-90
-27.67,355.73,0,354.24,,Feb-90
-27.76,355.04,0,354.33,,Jan-90
-27.84,353.8,0,353.75,,Dec-90
-27.92,352.85,0,353.8,,Nov-89
-28,351.49,0,353.65,,Oct-89
-28.09,350.25,0,353.52,,Sep-89
-28.17,350.05,0,353.32,,Aug-89
-28.26,351.81,0,353.37,,Jul-89
-28.34,353.99,0,353.3,,Jun-89
-28.42,355.37,0,352.97,,May-89
-28.5,355.86,0,352.67,,Apr-89
-28.59,355.64,0,352.97,,Mar-89
-28.67,353.96,0,352.47,,Feb-89
-28.76,353.27,0,352.54,,Jan-89
-28.84,352.91,0,352.85,,Dec-89
-28.92,351.41,0,352.34,,Nov-88
-29,350.2,0,352.34,,Oct-88
-29.09,349.13,0,352.41,,Sep-88
-29.17,348.92,0,352.13,,Aug-88
-29.26,350.4,0,351.9,,Jul-88
-29.34,352.69,0,352.02,,Jun-88
-29.42,353.72,0,351.37,,May-88
-29.5,354.21,0,351.06,,Apr-88
-29.59,353.69,0,351.01,,Mar-88
-29.67,352.41,0,350.87,,Feb-88
-29.76,351.64,0,350.94,,Jan-88
-29.84,350.39,0,350.38,,Dec-88
-29.92,349.16,0,350.05,,Nov-87
-30,347.96,0,350.07,,Oct-87
-30.09,346.59,0,349.86,,Sep-87
-30.17,346.52,0,349.7,,Aug-87
-30.26,348.08,0,349.5,,Jul-87
-30.34,350.11,0,349.39,,Jun-87
-30.42,351.53,0,349.2,,May-87
-30.5,352.09,0,349.01,,Apr-87
-30.59,351.31,0,348.77,,Mar-87
-30.67,349.73,0,348.3,,Feb-87
-30.76,348.73,0,348.02,,Jan-87
-30.84,348.52,0,348.47,,Dec-87
-30.92,347.21,0,348.12,,Nov-86
-31,345.93,0,348.04,,Oct-86
-31.09,344.51,0,347.77,,Sep-86
-31.17,345.22,0,348.35,,Aug-86
-31.26,346.08,0,347.4,,Jul-86
-31.34,348.16,0,347.33,,Jun-86
-31.42,349.93,0,347.52,,May-86
-31.5,350.38,0,347.26,,Apr-86
-31.59,349.77,0,347.22,,Mar-86
-31.67,348.01,0,346.68,,Feb-86
-31.76,347.28,0,346.74,,Jan-86
-31.84,346.56,0,346.59,,Dec-86
-31.92,345.88,0,346.81,,Nov-85
-32,344.49,0,346.61,,Oct-85
-32.09,343.13,0,346.42,,Sep-85
-32.17,343.27,0,346.4,,Aug-85
-32.26,345.02,0,346.34,,Jul-85
-32.34,346.72,0,345.89,,Jun-85
-32.42,348.38,0,345.94,,May-85
-32.5,349.06,0,345.91,,Apr-85
-32.59,348.34,0,345.79,,Mar-85
-32.67,347.74,0,346.37,,Feb-85
-32.76,346.16,0,345.61,,Jan-85
-32.84,345.21,0,345.31,,Dec-85
-32.92,344.7,0,345.57,,Nov-84
-33,343.1,0,345.2,,Oct-84
-33.09,341.67,0,345.01,,Sep-84
-33.17,341.4,0,344.58,,Aug-84
-33.26,343.55,0,344.94,,Jul-84
-33.34,345.53,0,344.76,,Jun-84
-33.42,346.97,0,344.51,,May-84
-33.5,347.63,0,344.45,,Apr-84
-33.59,346.84,0,344.27,,Mar-84
-33.67,345.52,0,344.09,,Feb-84
-33.76,344.79,0,344.22,,Jan-84
-33.84,344.1,0,344.2,,Dec-84
-33.92,343.05,0,343.96,,Nov-83
-34,341.59,0,343.71,,Oct-83
-34.09,340.38,0,343.72,,Sep-83
-34.17,340.35,0,343.49,,Aug-83
-34.26,342.27,0,343.66,,Jul-83
-34.34,344.19,0,343.44,,Jun-83
-34.42,345.63,0,343.15,,May-83
-34.5,346.03,0,342.87,,Apr-83
-34.59,345.25,0,342.66,,Mar-83
-34.67,343.33,0,341.82,,Feb-83
-34.76,342.9,0,342.32,,Jan-83
-34.84,341.68,0,341.84,,Dec-83
-34.92,340.9,0,341.79,,Nov-82
-35,339.6,0,341.73,,Oct-82
-35.09,338.29,0,341.65,,Sep-82
-35.17,338.28,0,341.47,,Aug-82
-35.26,340.09,0,341.51,,Jul-82
-35.34,342.32,0,341.55,,Jun-82
-35.42,343.79,0,341.35,,May-82
-35.5,344.63,0,341.56,,Apr-82
-35.59,343.97,0,341.37,,Mar-82
-35.67,342.82,0,341.21,,Feb-82
-35.76,341.73,0,341.1,,Jan-82
-35.84,340.96,0,341.1,,Dec-82
-35.92,339.88,0,340.79,,Nov-81
-36,338.58,0,340.73,,Oct-81
-36.09,337.08,0,340.43,,Sep-81
-36.17,336.95,0,340.17,,Aug-81
-36.26,338.44,0,339.86,,Jul-81
-36.34,340.78,0,339.92,,Jun-81
-36.42,342.54,0,340.07,,May-81
-36.5,343.04,0,339.98,,Apr-81
-36.59,342.53,0,339.94,,Mar-81
-36.67,341.61,0,340.06,,Feb-81
-36.76,340.55,0,339.93,,Jan-81
-36.84,339.29,0,339.38,,Dec-81
-36.92,338.32,0,339.26,,Nov-80
-37,337.27,0,339.42,,Oct-80
-37.09,336.15,0,339.42,,Sep-80
-37.17,336.19,0,339.33,,Aug-80
-37.26,337.7,0,339.12,,Jul-80
-37.34,339.4,0,338.54,,Jun-80
-37.42,341.33,0,338.84,,May-80
-37.5,341.48,0,338.43,,Apr-80
-37.59,340.93,0,338.3,,Mar-80
-37.67,340.01,0,338.43,,Feb-80
-37.76,338.34,0,337.82,,Jan-80
-37.84,337.9,0,338.09,,Dec-80
-37.92,336.81,0,337.79,,Nov-79
-38,335.31,0,337.57,,Oct-79
-38.09,334.19,0,337.53,,Sep-79
-38.17,333.98,0,337.2,,Aug-79
-38.26,335.75,0,337.24,,Jul-79
-38.34,337.54,0,336.72,,Jun-79
-38.42,339.26,0,336.84,,May-79
-38.5,339.21,0,336.21,,Apr-79
-38.59,338.95,0,336.24,,Mar-79
-38.67,338.27,0,336.54,,Feb-79
-38.76,336.69,0,336.01,,Jan-79
-38.84,336.14,0,336.22,,Dec-79
-38.92,334.9,0,335.88,,Nov-78
-39,333.75,0,335.99,,Oct-78
-39.09,332.41,0,335.68,,Sep-78
-39.17,332.37,0,335.51,,Aug-78
-39.26,334.41,0,335.87,,Jul-78
-39.34,336.4,0,335.57,,Jun-78
-39.42,338.01,0,335.59,,May-78
-39.5,338.03,0,335.06,,Apr-78
-39.59,337.69,0,335.06,,Mar-78
-39.67,336.66,0,335,,Feb-78
-39.76,335.25,0,334.58,,Jan-78
-39.84,334.95,0,335.01,,Dec-78
-39.92,333.6,0,334.61,,Nov-77
-40,332.41,0,334.64,,Oct-77
-40.09,331.27,0,334.52,,Sep-77
-40.17,331.29,0,334.36,,Aug-77
-40.26,332.56,0,333.91,,Jul-77
-40.34,334.88,0,334.02,,Jun-77
-40.42,336.16,0,333.8,,May-77
-40.5,336.93,0,333.98,,Apr-77
-40.59,336.13,0,333.51,,Mar-77
-40.67,334.95,0,333.35,,Feb-77
-40.76,333.13,0,332.51,,Jan-77
-40.84,332.66,0,332.76,,Dec-77
-40.92,331.63,0,332.66,,Nov-76
-41,330.15,0,332.29,,Oct-76
-41.09,328.75,0,331.92,,Sep-76
-41.17,328.95,0,331.94,,Aug-76
-41.26,330.68,0,331.88,,Jul-76
-41.34,333.06,0,332.14,,Jun-76
-41.42,334,0,331.65,,May-76
-41.5,334.77,0,331.84,,Apr-76
-41.59,334.64,0,332.13,,Mar-76
-41.67,333.52,0,332.05,,Feb-76
-41.76,332.75,0,332.2,,Jan-76
-41.84,331.59,0,331.79,,Dec-76
-41.92,330.58,0,331.6,,Nov-75
-42,329.37,0,331.41,,Oct-75
-42.09,328.34,0,331.46,,Sep-75
-42.17,328.5,0,331.48,,Aug-75
-42.26,329.95,0,331.11,,Jul-75
-42.34,331.98,0,331.12,,Jun-75
-42.42,333.45,0,331.2,,May-75
-42.5,333.94,0,330.98,,Apr-75
-42.59,333.17,0,330.67,,Mar-75
-42.67,331.9,0,330.54,,Feb-75
-42.76,331.46,0,330.93,,Jan-75
-42.84,330.73,0,330.89,,Dec-75
-42.92,329.58,0,330.55,,Nov-74
-43,328.3,0,330.28,,Oct-74
-43.09,327.28,0,330.36,,Sep-74
-43.17,327.32,0,330.28,,Aug-74
-43.26,329.12,0,330.26,,Jul-74
-43.34,331.07,0,330.23,,Jun-74
-43.42,332.16,0,329.94,,May-74
-43.5,333.2,0,330.27,,Apr-74
-43.59,332.65,0,330.26,,Mar-74
-43.67,331.48,0,330.2,,Feb-74
-43.76,330.71,0,330.12,,Jan-74
-43.84,329.35,0,329.45,,Dec-74
-43.92,328.64,0,329.66,,Nov-73
-44,328.16,0,330.16,,Oct-73
-44.09,327.18,0,330.24,,Sep-73
-44.17,327.51,0,330.45,,Aug-73
-44.26,329.31,0,330.42,,Jul-73
-44.34,330.87,0,330.05,,Jun-73
-44.42,332.07,0,329.94,,May-73
-44.5,332.48,0,329.62,,Apr-73
-44.59,331.5,0,329.14,,Mar-73
-44.67,330.3,0,328.99,,Feb-73
-44.76,329.56,0,328.86,,Jan-73
-44.84,328.54,0,328.58,,Dec-73
-44.92,327.55,0,328.55,,Nov-72
-45,326.5,0,328.5,,Oct-72
-45.09,325.06,0,328.06,,Sep-72
-45.17,324.93,0,327.76,,Aug-72
-45.26,326.32,0,327.37,,Jul-72
-45.34,328.05,0,327.2,,Jun-72
-45.42,329.09,0,326.92,,May-72
-45.5,330.07,0,327.23,,Apr-72
-45.59,329.72,0,327.42,,Mar-72
-45.67,327.75,0,326.53,,Feb-72
-45.76,327.63,0,327.04,,Jan-72
-45.84,326.77,0,326.85,,Dec-72
-45.92,326.01,0,327.02,,Nov-71
-46,324.8,0,326.82,,Oct-71
-46.09,323.57,0,326.58,,Sep-71
-46.17,323.36,0,326.19,,Aug-71
-46.26,325.46,0,326.49,,Jul-71
-46.34,327.34,0,326.45,,Jun-71
-46.42,328.57,0,326.4,,May-71
-46.5,328.92,0,326.11,,Apr-71
-46.59,327.78,0,325.47,,Mar-71
-46.67,327.18,0,325.94,,Feb-71
-46.76,326.68,0,326.1,,Jan-71
-46.84,326.17,0,326.25,,Dec-71
-46.92,325.13,0,326.06,,Nov-70
-47,323.98,0,325.96,,Oct-70
-47.09,323.16,0,326.15,,Sep-70
-47.17,323.1,0,325.93,,Aug-70
-47.26,324.69,0,325.76,,Jul-70
-47.34,326.35,0,325.51,,Jun-70
-47.42,327.66,0,325.52,,May-70
-47.5,328.07,0,325.27,,Apr-70
-47.59,328.13,0,325.86,,Mar-70
-47.67,326.87,0,325.69,,Feb-70
-47.76,325.99,0,325.42,,Jan-70
-47.84,325.03,0,325.04,,Dec-70
-47.92,324.11,0,324.88,,Nov-69
-48,322.85,0,324.78,,Oct-69
-48.09,321.78,0,324.84,,Sep-69
-48.17,322.38,0,325.28,,Aug-69
-48.26,323.67,0,324.8,,Jul-69
-48.34,325.88,0,325.08,,Jun-69
-48.42,326.76,0,324.63,,May-69
-48.5,327.34,0,324.57,,Apr-69
-48.59,326.66,0,324.35,,Mar-69
-48.67,325.64,0,324.41,,Feb-69
-48.76,324.42,0,323.89,,Jan-69
-48.84,324,0,323.98,,Dec-69
-48.92,322.84,0,323.69,,Nov-68
-49,321.31,0,323.32,,Oct-68
-49.09,320.25,0,323.32,,Sep-68
-49.17,320.41,0,323.31,,Aug-68
-49.26,322.03,0,323.15,,Jul-68
-49.34,324.14,0,323.25,,Jun-68
-49.42,325.36,0,323.2,,May-68
-49.5,325.57,0,322.87,,Apr-68
-49.59,325.02,0,322.73,,Mar-68
-49.67,323.89,0,322.59,,Feb-68
-49.76,323.15,0,322.56,,Jan-68
-49.84,322.57,0,322.55,,Dec-68
-49.92,321.96,0,322.86,,Nov-67
-50,320.72,0,322.78,,Oct-67
-50.09,319.31,0,322.36,,Sep-67
-50.17,319.31,0,322.19,,Aug-67
-50.26,320.92,0,322.04,,Jul-67
-50.34,322.55,0,321.66,,Jun-67
-50.42,324.09,0,321.94,,May-67
-50.5,325,0,322.27,,Apr-67
-50.59,324.42,0,322.05,,Mar-67
-50.67,323.04,0,321.72,,Feb-67
-50.76,322.5,0,321.94,,Jan-67
-50.84,322.07,0,322.07,,Dec-67
-50.92,321.08,0,321.95,,Nov-66
-51,319.79,0,321.84,,Oct-66
-51.09,318.1,0,321.18,,Sep-66
-51.17,318.64,0,321.54,,Aug-66
-51.26,320.37,0,321.5,,Jul-66
-51.34,322.39,0,321.49,,Jun-66
-51.42,323.75,0,321.52,,May-66
-51.5,324.01,0,321.18,,Apr-66
-51.59,323.87,0,321.51,,Mar-66
-51.67,322.39,0,321.16,,Feb-66
-51.76,321.59,0,321.1,,Jan-66
-51.84,320.62,0,320.63,,Dec-66
-51.92,319.42,0,320.26,,Nov-65
-52,318.87,0,320.87,,Oct-65
-52.09,317.3,0,320.36,,Sep-65
-52.17,317.81,0,320.68,,Aug-65
-52.26,318.81,0,319.93,,Jul-65
-52.34,321.39,0,320.51,,Jun-65
-52.42,321.87,0,319.65,,May-65
-52.5,322.16,0,319.36,,Apr-65
-52.59,322.13,0,319.8,,Mar-65
-52.67,320.89,0,319.65,,Feb-65
-52.76,320.44,0,319.97,,Jan-65
-52.84,319.44,0,319.48,,Dec-65
-52.92,318.71,0,319.59,,Nov-64
-53,317.79,0,319.72,,Oct-64
-53.09,316.79,0,319.78,,Sep-64
-53.17,316.7,0,319.56,,Aug-64
-53.26,318.7,0,319.81,,Jul-64
-53.34,320.44,0,319.58,,Jun-64
-53.42,321.89,0,319.69,,May-64
-53.5,322.25,0,319.42,,Apr-64
-53.59,321.77,0,319.48,,Mar-64
-53.67,320.73,0,319.55,,Feb-64
-53.76,320.07,0,319.61,,Jan-64
-53.84,319.57,0,319.67,,Dec-64
-53.92,318.31,0,319.25,,Nov-63
-54,317.12,0,319.1,,Oct-63
-54.09,315.99,0,319,,Sep-63
-54.17,316.21,0,319.06,,Aug-63
-54.26,317.77,0,318.83,,Jul-63
-54.34,319.74,0,318.77,,Jun-63
-54.42,321.47,0,319.16,,May-63
-54.5,322.25,0,319.39,,Apr-63
-54.59,321.39,0,319.09,,Mar-63
-54.67,319.86,0,318.69,,Feb-63
-54.76,319.08,0,318.68,,Jan-63
-54.84,318.74,0,318.91,,Dec-63
-54.92,317.69,0,318.61,,Nov-62
-55,316.69,0,318.62,,Oct-62
-55.09,315.42,0,318.33,,Sep-62
-55.17,316.26,0,319.03,,Aug-62
-55.26,317.4,0,318.48,,Jul-62
-55.34,319.58,0,318.67,,Jun-62
-55.42,320.55,0,318.27,,May-62
-55.5,321.01,0,318.2,,Apr-62
-55.59,320.63,0,318.45,,Mar-62
-55.67,319.68,0,318.57,,Feb-62
-55.76,318.56,0,318.11,,Jan-62
-55.84,317.94,0,318.06,,Dec-62
-55.92,317.01,0,317.94,,Nov-61
-56,316.1,0,318.13,,Oct-61
-56.09,315.38,0,318.35,,Sep-61
-56.17,314.8,0,317.49,,Aug-61
-56.26,316.79,0,317.8,,Jul-61
-56.34,318.57,0,317.7,,Jun-61
-56.42,319.77,0,317.48,,May-61
-56.5,320.58,0,317.7,,Apr-61
-56.59,319.48,0,317.27,,Mar-61
-56.67,318.54,0,317.47,,Feb-61
-56.76,317.7,0,317.28,,Jan-61
-56.84,316.93,0,317.03,,Dec-61
-56.92,316.19,0,317.13,,Nov-60
-57,315,0,316.98,,Oct-60
-57.09,313.83,0,316.76,,Sep-60
-57.17,314.16,0,316.87,,Aug-60
-57.26,315.91,0,316.92,,Jul-60
-57.34,318.18,0,317.3,,Jun-60
-57.42,319.59,0,317.36,,May-60
-57.5,320.03,0,317.24,,Apr-60
-57.59,319.02,0,316.86,,Mar-60
-57.67,317.58,0,316.49,,Feb-60
-57.76,316.97,0,316.47,,Jan-60
-57.84,316.43,0,316.51,,Dec-60
-57.92,315.58,0,316.52,,Nov-59
-58,314.8,0,316.78,,Oct-59
-58.09,313.26,0,316.19,,Sep-59
-58.17,313.84,0,316.55,,Aug-59
-58.26,314.8,0,315.81,,Jul-59
-58.34,316.54,0,315.66,,Jun-59
-58.42,318.15,0,315.92,,May-59
-58.5,318.29,0,315.5,,Apr-59
-58.59,317.72,0,315.56,,Mar-59
-58.67,316.71,0,315.62,,Feb-59
-58.76,316.38,0,315.88,,Jan-59
-58.84,315.62,0,315.7,,Dec-59
-58.92,314.67,0,315.61,,Nov-58
-59,313.33,0,315.31,,Oct-58
-59.09,312.66,0,315.61,,Sep-58
-59.17,313.2,0,315.91,,Aug-58
-59.26,314.93,0,315.94,,Jul-58
-59.34,315.86,0,314.98,,Jun-58
-59.42,317.1,0,314.85,,May-58
-59.5,317.5,0,314.71,,Apr-58
-59.59,317.45,0,315.29,,Mar-58
-59.67,315.71,0,314.62,,Feb-58
-60.01,314.57,0.41,,,
-60.62,315.27,1.16,,,
-60.68,316.33,0.13,,,
-60.78,314.44,0.79,,,
-61.72,315.34,0.64,,,
-63.08,314.71,2.21,,,
-64.09,313.17,0.63,,,
-64.17,312.8,0.63,,,
-64.32,312.22,1.42,,,
-65.5,312.18,0.41,,,
-67.63,312,0.64,,,
-68.21,313.66,2.21,,,
-69.11,309.69,0.41,,,
-70.17,311.57,2.21,,,
-71.22,310.36,0.63,,,
-71.25,312.87,2.21,,,
-72.26,312.56,2.21,,,
-72.32,311.97,2.08,,,
-72.49,311.81,3.12,,,
-72.92,310.44,2.56,,,
-73.12,311.28,0.41,,,
-73.37,310.22,0.63,,,
-74.31,312.36,2.21,,,
-75.67,311.88,2.77,,,
-75.84,312.84,2.56,,,
-76.1,312.39,2.21,,,
-77.04,311.8,2.21,,,
-77.13,307.74,1.16,,,
-77.91,309.8,0.64,,,
-78.29,310.95,0.63,,,
-78.66,311.21,0.63,,,
-78.91,310.46,2.17,,,
-79.72,308.48,0.64,,,
-79.75,311.94,1.34,,,
-80.01,311.52,2.21,,,
-80.11,312.33,0.13,,,
-81.02,307.41,1.16,,,
-82.01,309.34,2.87,,,
-82.17,307.26,1.16,,,
-82.82,306.32,1.16,,,
-84,309.63,0.63,,,
-84.29,307.08,2.56,,,
-85.1,305.94,1.16,,,
-85.34,308.28,2.21,,,
-85.59,308.26,0.63,,,
-87.05,305.74,1.45,,,
-88.49,305.38,0.07,,,
-89.14,305.78,0.64,,,
-89.34,305.71,0.94,,,
-89.72,305.67,0.64,,,
-90.08,308.02,3.18,,,
-92.57,304.97,0.63,,,
-93.13,304.72,1.72,,,
-95.04,306.2,3.82,,,
-95.37,303.18,0.94,,,
-98.17,301.88,1.16,,,
-99.21,304.61,2.21,,,
-100.01,303.85,0.67,,,
-102.09,301.92,0.63,,,
-103.49,300.7,2.45,,,
-105.36,301.3,0.63,,,
-106.59,299.26,1.72,,,
-106.78,297.73,1.72,,,
-107.16,298.11,2.56,,,
-108.12,297.87,1.16,,,
-109.36,301.5,2.21,,,
-112.11,299.63,0.64,,,
-112.34,297.33,0.63,,,
-112.53,299.02,0.63,,,
-113.97,295.99,0.94,,,
-116.18,295.61,1.33,,,
-117.7,294.22,1.16,,,
-118.94,297.05,2.21,,,
-119.22,295.28,0.63,,,
-124.12,293.81,0.94,,,
-124.22,293.17,1.72,,,
-124.82,295.32,0.64,,,
-125,294.86,1.72,,,
-125.49,295.17,0.63,,,
-128.01,290.92,1.16,,,
-128.87,292.34,0.68,,,
-130.49,294.34,0.63,,,
-132.28,288.12,2.01,,,
-133.7,289.23,0.62,,,
-134.09,289.76,0.94,,,
-134.96,292.46,0.95,,,
-137.93,287.77,1.16,,,
-140.97,289.33,0.63,,,
-144.14,291.56,2.21,,,
-145.05,286.66,1.34,,,
-147.84,286.33,1.16,,,
-148.22,287.99,0.63,,,
-149.47,289.54,1.72,,,
-150.15,287.99,0.41,,,
-151.14,285.05,1.68,,,
-153.75,286.65,1.16,,,
-154.9,285.35,0.94,,,
-156.05,287.17,0.63,,,
-159.04,286.63,0.41,,,
-161.26,283.16,1.16,,,
-163.16,285.57,0.63,,,
-164.17,288.05,2.21,,,
-166.77,285.47,0.63,,,
-167.05,288.79,0.41,,,
-167.62,284,1.16,,,
-170.56,286.84,0.64,,,
-171.98,283.62,1.34,,,
-173.23,283.18,1.16,,,
-173.42,283.53,1.16,,,
-174.59,281.58,1.16,,,
-177.05,283.65,0.63,,,
-181.18,284.15,0.94,,,
-184.7,283.82,0.94,,,
-185.01,285.09,0.95,,,
-190.96,285.91,0.64,,,
-193.14,281.36,0.94,,,
-204.22,284.43,0.94,,,
-218.54,282.8,0.79,,,
-221.41,280.4,1.72,,,
-221.94,282.3,0.63,,,
-223.78,281.62,0.94,,,
-237.58,273.07,0.41,,,
-238.39,280.24,0.63,,,
-244.42,277.86,0.94,,,
-254.18,276.4,0.94,,,
-255,277.16,0.63,,,
-265.75,278,0.63,,,
-265.95,276.46,0.94,,,
-268.76,277.6,0.63,,,
-276.62,276.81,0.94,,,
-284.01,278.31,0.94,,,
-294.87,277.01,0.94,,,
-295.02,278.27,1.27,,,
-323.81,277.36,0.63,,,
-328.14,276.32,0.94,,,
-335.99,276.66,0.63,,,
-368.78,278.02,0.63,,,
-378.07,276.69,0.94,,,
-389.28,273.78,0.41,,,
-408.42,271.11,0.41,,,
-414.46,275.07,0.63,,,
-426.89,279.36,0.95,,,
-429.7,281.11,0.94,,,
-444.87,282.57,0.64,,,
-458.02,281.83,0.94,,,
-468.23,283.53,1.27,,,
-488.2,283.95,0.64,,,
-516.35,283.12,0.64,,,
-548.48,280.31,1.27,,,
-568.72,282.23,0.95,,,
-589.08,279.73,0.41,,,
-607.02,279.7,0.94,,,
-627.55,280.91,0.63,,,
-669.03,278.36,0.41,,,
-687.76,284.07,0.64,,,
-710.43,281.58,0.94,,,
-739.68,278.43,0.41,,,
-758.37,282.2,0.94,,,
-766.61,282.41,0.63,,,
-806.93,283.69,0.94,,,
-818.07,284.54,0.64,,,
-851.9,283.97,1.41,,,
-871.59,284.51,1.27,,,
-902.27,282.84,0.94,,,
-918.47,283.09,0.64,,,
-947.68,282.84,0.94,,,
-968.7,280.97,0.63,,,
-977.8,280.92,0.94,,,
-998.61,280.06,0.63,,,
-1000.3,279.8,1.34,,,
-1035.23,278.74,1.41,,,
-1060.23,277.41,0.41,,,
-1103.75,280.11,2.21,,,
-1142.47,279.42,1.41,,,
-1195.55,278.62,1.41,,,
-1224.78,279.72,2.21,,,
-1255.58,279.29,2.21,,,
-1287.45,279.99,0.41,,,
-1316.63,277.1,0.41,,,
-1348.7,278.45,0.41,,,
-1380.88,279.59,0.41,,,
-1403.36,277.87,0.41,,,
-1435.47,276.2,0.41,,,
-1460.41,278.46,3.85,,,
-1466.26,276.56,0.41,,,
-1499.92,276.79,0.94,,,
-1529.75,277.11,0.41,,,
-1580.94,280,0.41,,,
-1611.52,279.13,0.41,,,
-1633.65,277.25,0.41,,,
-1660.55,277.8,0.41,,,
-1700.33,281.69,0.41,,,
-1722.28,280.91,0.41,,,
-1743.44,280.24,2.56,,,
-1751.78,278.31,0.62,,,
-1777.28,280.25,0.62,,,
-1843.35,277.56,0.41,,,
-1864.35,278.07,0.41,,,
-1881.88,278.1,1,,,
-1913.88,277.5,1,,,
-1961.88,277.4,1,,,
-1987.88,277.9,1,,,
-2016.88,276.7,1,,,
-2067.59,278,1.2,,,
-2161.24,276.9,0.7,,,
-2302.12,276.7,0.8,,,
-2333.43,276.7,0.8,,,
-2482.2,277.6,1.3,,,
-2594,277.9,0.5,,,
-2695.9,273.9,1.1,,,
-2776.36,278.9,0.6,,,
-2869.64,275.3,1.6,,,
-2972.43,274.7,1.2,,,
-3016.7,276.3,0.9,,,
-3124.48,274.6,0.8,,,
-3323.61,276.3,1.5,,,
-3351.54,273.1,1.1,,,
-3499,274,0.3,,,
-3596.17,275,0.6,,,
-3712.34,273.4,1.3,,,
-3761.29,273,0.8,,,
-3874.74,271.5,1,,,
-3924.05,275.4,0.5,,,
-4036.83,274.9,1.3,,,
-4176.55,271.7,1,,,
-4273.72,271.6,0.7,,,
-4342.96,272.8,0.8,,,
-4410.7,271.5,0.9,,,
-4562.24,271.1,0.8,,,
-4660.7,269.1,0.6,,,
-4715.34,269.8,1,,,
-4840.88,271.5,0.8,,,
-4989.08,270.7,0.5,,,
-5049.46,269.3,1,,,
-5154.67,268.6,1.1,,,
-5286.45,269.8,1.2,,,
-5379.06,267.6,0.6,,,
-5425.43,265.3,1.7,,,
-5601.17,265.2,0.8,,,
-5649.18,267.6,2,,,
-5825.49,265.9,0.9,,,
-5920.14,265.5,0.8,,,
-6001.97,260.7,1.6,,,
-6067.26,266.7,0.9,,,
-6157.69,265.5,0.8,,,
-6369.84,263.2,0.6,,,
-6405.09,262.7,0.9,,,
-6469.12,261.2,0.7,,,
-6640.17,261.1,0.4,,,
-6750.43,259.4,0.6,,,
-6837.53,262.1,0.9,,,
-6948.19,262.9,0.5,,,
-7037.96,258.1,1.4,,,
-7106.15,257.6,0.9,,,
-7255.95,262.3,0.9,,,
-7341.89,263,0.7,,,
-7473.2,260.7,0.6,,,
-7565.75,258.4,0.8,,,
-7729.25,260.1,0.6,,,
-7787.47,260.4,0.4,,,
-7928.06,259.7,0.9,,,
-7994.25,259.2,0.7,,,
-8043.73,260.8,1.4,,,
-8184.16,259.6,0.5,,,
-8262.68,259.3,0.9,,,
-8419.76,258.3,1.2,,,
-8527.56,261.3,0.9,,,
-8614.46,260.7,0.4,,,
-8778.56,261.8,1,,,
-8849.16,259,1.1,,,
-8979.73,260.9,0.7,,,
-9060.87,260.4,0.6,,,
-9128.05,259.3,1,,,
-9210.89,262,0.8,,,
-9363.19,263.7,1.2,,,
-9429,263.8,0.8,,,
-9504.58,265.2,0.9,,,
-9585.94,260.6,1.7,,,
-9592.32,260.9,0.6,,,
-9623.74,263,0.4,,,
-9641.15,263.8,1.2,,,
-9968.92,264.4,0.4,,,
-10060.49,264.2,0.9,,,
-10202.38,264,0.3,,,
-10260.83,263.4,0.1,,,
-10367.43,265.7,0.5,,,
-10434.44,264.9,0.4,,,
-10573.43,267.5,0.4,,,
-10748.36,266.9,0.6,,,
-10869.69,266,1.1,,,
-10903.62,265.1,1.6,,,
-11022.36,267.6,0.7,,,
-11157.5,264.8,0.6,,,
-11228.94,264.8,0.4,,,
-11253.75,265,0.8,,,
-11268.46,265.3,0.4,,,
-11324.45,264.4,1.5,,,
-11384.86,264.1,0.7,,,
-11407.25,264.81,1.67,,,
-11451.04,264.84,1.29,,,
-11467.74,268.16,2.55,,,
-11485.33,264.48,2.04,,,
-11503.81,270.14,2.11,,,
-11520.94,268.87,0.7,,,
-11540.68,269.1,2.52,,,
-11558.33,267.17,0.85,,,
-11575.11,267.66,1.15,,,
-11591.81,269.51,0.85,,,
-11611.48,266.9,0.66,,,
-11627.49,262.74,1.42,,,
-11644.29,267.09,0.5,,,
-11660.12,260.7,0.29,,,
-11679.19,261.3,1.52,,,
-11696.85,266.22,2.41,,,
-11715.8,257.13,1.34,,,
-11732.42,247.55,0.34,,,
-11750.7,254.62,0.88,,,
-11769.32,253.99,1.46,,,
-11787.6,256.04,1.26,,,
-11808.53,255.89,1.4,,,
-11827.09,258.74,1.48,,,
-11848.6,258.25,0.33,,,
-11870.67,258.53,1.78,,,
-11888.38,257.17,1.48,,,
-11911.21,254.31,1.34,,,
-11931,253.63,1.59,,,
-11951.05,251.56,0.58,,,
-11972.79,255.9,1.16,,,
-11994.84,258.57,5.26,,,
-12015.97,248.92,2.04,,,
-12037.43,253.99,1.3,,,
-12058.57,255.39,1.39,,,
-12083.78,247.85,1.45,,,
-12105.2,248.41,0.35,,,
-12126.68,253.1,0.7,,,
-12147.73,251.03,2.57,,,
-12173.13,255.66,1.99,,,
-12192.46,253.02,0.87,,,
-12214.38,251.14,1.41,,,
-12236.36,251.42,0.85,,,
-12258.29,250.97,0.73,,,
-12279.22,249.65,1.23,,,
-12300.8,249.23,1.6,,,
-12324.36,248.95,1.48,,,
-12348.65,249.38,1.33,,,
-12368.92,248.92,0.29,,,
-12389.16,250.73,1.37,,,
-12411,246.97,0.76,,,
-12433.16,244.31,1.16,,,
-12456.19,243,1.21,,,
-12477.26,246.4,1.45,,,
-12499.81,247.67,0.82,,,
-12522.7,245.83,0.56,,,
-12543.27,246.18,0.79,,,
-12563.72,244.42,1.18,,,
-12589.23,246.74,1.29,,,
-12611.6,249.92,1.72,,,
-12632.5,244.27,1.21,,,
-12654.48,247.02,0.27,,,
-12675.52,248.09,1.18,,,
-12697.73,246.94,0.45,,,
-12721.52,243.95,1.68,,,
-12741.78,242.53,0.96,,,
-12765.02,244.24,0.96,,,
-12787.68,241.59,1.07,,,
-12807.79,247.3,0.41,,,
-12830.46,240.02,1.12,,,
-12853.51,241.5,2.09,,,
-12877.15,242.23,1.95,,,
-12898.03,242.15,1.34,,,
-12920.59,239.35,1.29,,,
-12941.86,241.24,1.3,,,
-12961.26,239.44,0.79,,,
-12984.99,238.79,1.12,,,
-13007.11,238.18,2.82,,,
-13027.63,240.71,0.95,,,
-13048.76,237.15,0.81,,,
-13068.94,239.42,2.09,,,
-13089.8,234.68,0.19,,,
-13111.57,238.86,1.94,,,
-13134.47,237.91,2.24,,,
-13156.1,241.56,1.16,,,
-13196.33,234.82,0.11,,,
-13240.55,236.91,0.96,,,
-13284.08,239.41,0.69,,,
-13334.85,240.42,0.15,,,
-13372.03,236.86,0.34,,,
-13485.98,237.83,1.87,,,
-13554.62,240.25,1.41,,,
-13599.63,235.83,0.4,,,
-13668.69,243.86,0.12,,,
-13713.23,238.55,0.46,,,
-13780.71,241.59,1.23,,,
-13826.61,241.11,2.22,,,
-13895.08,239.08,0.1,,,
-13939.45,237.95,0.85,,,
-14008.11,240.57,0.57,,,
-14069.67,235.92,1.04,,,
-14090.74,237.87,1.09,,,
-14127.97,241.27,1.17,,,
-14152.35,232.88,1.52,,,
-14187.94,236.4,0.13,,,
-14224.48,239.24,0.42,,,
-14247.43,239.36,0.81,,,
-14273.44,238.36,1.89,,,
-14305.33,236.6,1.19,,,
-14340.9,240.21,1.33,,,
-14366.6,239.04,0.22,,,
-14376.49,235.8,1.1,,,
-14411.04,242.08,1.09,,,
-14422.36,238.39,0.49,,,
-14442.87,240.33,1.05,,,
-14478.48,242.55,1.42,,,
-14490.11,242.6,1.76,,,
-14511.16,240.95,0.35,,,
-14531.46,238.61,0.77,,,
-14565.09,242.06,2.25,,,
-14588.73,241.14,1.27,,,
-14599.18,243.17,0.81,,,
-14609.54,235.83,0.56,,,
-14620.81,241.73,0.42,,,
-14631.4,239.86,1.46,,,
-14643.81,239.77,1.74,,,
-14654.07,237.97,1.14,,,
-14663.35,235.31,0.61,,,
-14674.09,237.59,0.85,,,
-14687.27,237.97,0.76,,,
-14697.87,240.1,1.12,,,
-14713.08,238.12,0.6,,,
-14720.14,234.62,0.39,,,
-14731.97,233.42,0.29,,,
-14743,234.34,1.04,,,
-14754.25,237.49,0.29,,,
-14764.57,228.91,0.44,,,
-14774.84,228.18,0.77,,,
-14786,230.53,1.1,,,
-14798.76,234.54,1.23,,,
-14811.07,231.48,1.1,,,
-14826.4,227.9,0.75,,,
-14831.29,224.64,0.78,,,
-14844.16,227.39,1.12,,,
-14855.71,227.79,0.23,,,
-14867.02,228.5,1.02,,,
-14878.49,227.58,0.43,,,
-14890.27,226.51,0.7,,,
-14902.63,228.4,0.01,,,
-14912.65,227.87,0.41,,,
-14925.41,233.17,1.47,,,
-14937.06,232.22,0.59,,,
-14948.54,227.85,1.11,,,
-14960.34,230.63,1.24,,,
-14972.09,228.72,0.54,,,
-14983.79,228.36,0.53,,,
-14996.9,228.47,0.34,,,
-15021.54,228.89,1.23,,,
-15044.36,229.79,2.09,,,
-15055.14,227.65,1.22,,,
-15079.36,228.37,1.02,,,
-15102.66,225.38,0.84,,,
-15140.41,228.99,0.24,,,
-15163.69,234.47,0.02,,,
-15201.41,229.67,0.63,,,
-15224.4,228.81,0.89,,,
-15248.99,227.84,1.04,,,
-15286.76,230.18,0.33,,,
-15311.32,228.27,1.21,,,
-15348.62,225.77,0.92,,,
-15388.82,227.64,1.42,,,
-15413.12,228.92,0.96,,,
-15450.73,225.39,1.57,,,
-15477.96,224.74,0.75,,,
-15530.81,223.27,1.38,,,
-15614.28,223.53,0.35,,,
-15717.31,222.76,1.37,,,
-15772.67,222.16,0.57,,,
-15835.56,224.86,1.87,,,
-15912.83,222.36,0.44,,,
-15988.13,223.51,0.65,,,
-16004.4,223.77,0.64,,,
-16063.37,223.72,2.06,,,
-16066.86,224.41,0.18,,,
-16082.55,222.39,0.89,,,
-16101.66,224.48,1.43,,,
-16150.88,224.24,0.82,,,
-16182.02,222.41,1.31,,,
-16219.09,224.86,1.02,,,
-16234.59,226.19,0.07,,,
-16255.34,221.49,1.18,,,
-16276.59,227.32,1.21,,,
-16290.84,223.24,0.55,,,
-16308.44,220.49,1.06,,,
-16328.61,218.56,0.97,,,
-16346.62,214.22,0.59,,,
-16364.84,212.84,0.75,,,
-16385.31,214.6,0.6,,,
-16405.13,212.43,1.19,,,
-16422.11,214.83,1.2,,,
-16442.77,211.21,0.5,,,
-16459.77,209.51,0.82,,,
-16478.59,212.95,0.94,,,
-16499.2,211.79,1.81,,,
-16526.26,217.19,0.28,,,
-16539.91,213.94,1.11,,,
-16577.81,207.95,0.12,,,
-16621.39,208.65,0.52,,,
-16657.89,208.46,0.84,,,
-16723.76,213.15,0.81,,,
-16801.41,210.25,1.1,,,
-16865.43,205.53,0.96,,,
-16937.2,205.19,0.96,,,
-16996.71,202.93,0.68,,,
-17062.65,204.32,1.09,,,
-17159.73,202.1,1.05,,,
-17231.58,198.63,1.3,,,
-17304.13,198.29,0.78,,,
-17355.78,195.88,0.5,,,
-17379.75,194.65,0.27,,,
-17428.38,190.5,0.91,,,
-17453.18,193.02,0.39,,,
-17477.91,191.89,0.27,,,
-17502.85,190.76,0.47,,,
-17528.87,193,0.46,,,
-17553.17,191.48,0.5,,,
-17578.75,191.59,0.05,,,
-17602.47,192.37,0.61,,,
-17629.34,192.62,0.3,,,
-17654.13,196.96,0.86,,,
-17679.88,195.79,0.24,,,
-17705.76,193.21,1.23,,,
-17732.94,194.38,0.56,,,
-17759.09,191.52,1.33,,,
-17784.93,189.52,0.56,,,
-17811.63,190.41,0.24,,,
-17837.59,191.7,0.33,,,
-17865.45,187.25,0.66,,,
-17893.31,191.21,1.24,,,
-17922.48,189.52,0.72,,,
-17948.88,190.26,1.19,,,
-17975.04,191.72,0.26,,,
-18003.87,188.54,0.98,,,
-18033.71,188.66,0.1,,,
-18059.92,188.96,0.64,,,
-18092.33,187.79,1.1,,,
-18117.97,187.73,0.5,,,
-18149.48,188.64,0.47,,,
-18178.51,188.59,1.48,,,
-18207.64,184.88,0.23,,,
-18241.04,189.01,1.13,,,
-18269.67,185.65,0.95,,,
-18300.06,188.88,0.47,,,
-18332.56,188.52,1.16,,,
-18363.69,189.03,0.19,,,
-18392.27,187.12,0.84,,,
-18428.23,188.73,0.18,,,
-18459.04,188.21,1.16,,,
-18490.31,188.47,0.75,,,
-18525.71,187.45,1.07,,,
-18554.47,187.09,0.7,,,
-18587.87,187.67,0.14,,,
-18650.82,188.57,0.62,,,
-18745.28,193.9,0.5,,,
-18814.93,191.27,1.01,,,
-18871.52,192.97,1.1,,,
-18903.03,188.44,0.82,,,
-18934.79,188.5,0.53,,,
-19061.7,192.71,1.75,,,
-19220.67,191.09,1.12,,,
-19350.04,191.58,0.84,,,
-19510.61,191.52,1.3,,,
-19636.03,188.95,0.25,,,
-19697.37,191.42,0.59,,,
-19859.07,193.6,0.53,,,
-19951.76,196.06,0.42,,,
-20086.58,193.72,0.75,,,
-20281.19,190.47,1.21,,,
-20475.48,189.99,0.65,,,
-20604.68,193.93,0.69,,,
-20734.37,187.76,0.93,,,
-20896.27,192.66,1.09,,,
-21032.31,190.87,0.82,,,
-21135.57,188.4,0.87,,,
-21280.58,190.05,0.07,,,
-21413.06,187.24,1.16,,,
-21630.73,185.23,0.31,,,
-21858.47,187.96,0.22,,,
-21981.51,190.78,0.95,,,
-22123.47,187.38,1.55,,,
-22298.77,191.27,0.99,,,
-22360.08,187.22,0.45,,,
-22415.48,187.02,1.25,,,
-22617.98,184.68,0.2,,,
-22671.98,185.21,1.63,,,
-22718.68,188.49,0.23,,,
-22817.18,190.01,0.25,,,
-22901.48,186.13,0.13,,,
-23061.88,189.4,1.13,,,
-23081.68,190.53,0.64,,,
-23175.18,190.08,0.82,,,
-23252.88,188.6,0.87,,,
-23344.58,197.67,1.29,,,
-23426.28,193.53,1.72,,,
-23513.08,186.78,0.46,,,
-23668.38,187.99,0.41,,,
-23941.68,183.13,0.03,,,
-24145.58,184.68,0.62,,,
-24337.68,186.73,0.92,,,
-24711.48,180.57,2.72,,,
-25231.48,180.69,0.78,,,
-25418.98,182.66,0.08,,,
-25611.48,183.38,0.62,,,
-25853.88,186.54,0.58,,,
-26083.88,184.52,0.41,,,
-26322.38,184.57,0.52,,,
-26382.88,183.77,0.53,,,
-26528.58,186.01,0.81,,,
-26604.98,185.51,0.53,,,
-26771.58,185.44,0.33,,,
-26925.68,186.43,0.22,,,
-27022.78,188.08,0.8,,,
-27109.88,187.39,0.21,,,
-27152.68,186.27,0.06,,,
-27238.08,194.93,0.48,,,
-27347.98,190.06,0.47,,,
-27509.78,191.95,0.84,,,
-27570.68,191.23,1.92,,,
-27617.58,191.53,1.94,,,
-27654.28,191.95,0.38,,,
-27729.18,191.46,0.69,,,
-27754.88,192.71,0.08,,,
-27781.98,190.61,1.64,,,
-27786.48,189.3,0.32,,,
-27888.58,187.59,0.87,,,
-27934.28,190.58,0.49,,,
-27952.88,189.28,0.12,,,
-27994.98,188.99,0.39,,,
-28041.08,189.29,0.31,,,
-28165.18,189.96,0.64,,,
-28281.98,191.82,0.28,,,
-28339.48,191.59,0.32,,,
-28437.58,192.63,1.67,,,
-28481.78,189.16,0.24,,,
-28494.78,189.65,0.56,,,
-28645.28,193.1,0.05,,,
-28694.28,192.82,0.16,,,
-28792.18,193.8,0.2,,,
-28909.78,193.89,0.34,,,
-28970.58,192.69,0.54,,,
-29016.48,193.26,0.73,,,
-29076.78,192.87,0.49,,,
-29218.58,192.26,0.17,,,
-29273.18,188.1,0.03,,,
-29317.48,192.39,0.97,,,
-29391.78,191.01,0.89,,,
-29433.98,189.83,0.3,,,
-29478.08,189.21,0.66,,,
-29677.08,189.24,0.04,,,
-29749.08,189.77,0.25,,,
-29810.68,191.28,0.27,,,
-29905.68,190.97,0.16,,,
-30019.98,191.38,1.23,,,
-30066.88,191.57,0.22,,,
-30169.38,188.25,0.59,,,
-30249.58,188.48,0.62,,,
-30345.78,186.52,0.08,,,
-30380.58,185.99,0.6,,,
-30468.38,184.3,0.3,,,
-30596.68,182.94,0.43,,,
-30780.88,187.14,0.2,,,
-30843.58,190.33,0.73,,,
-31173.08,188,0.06,,,
-31424.28,188.48,0.78,,,
-31591.98,189.95,0.36,,,
-31859.98,193.71,1.23,,,
-31886.28,192.93,1.13,,,
-32001.78,192.51,0.11,,,
-32094.78,193.33,0.43,,,
-32147.48,193.91,1.12,,,
-32215.38,196.42,0.49,,,
-32218.48,196.91,1.31,,,
-32375.78,192.47,1.94,,,
-32429.08,195.25,0.28,,,
-32502.68,194.11,0.53,,,
-32578.98,194.61,0.37,,,
-32662.48,194.43,0.41,,,
-32745.68,195.08,0.29,,,
-32781.98,195.94,0.26,,,
-32880.98,199.3,2.55,,,
-32948.78,196.7,0.8,,,
-33076.88,196.33,0.46,,,
-33216.18,197.65,0.22,,,
-33485.38,196.9,0.54,,,
-33559.28,197.13,0.41,,,
-33623.18,197.8,0.27,,,
-33825.98,200.03,0.69,,,
-33908.88,195.63,0.74,,,
-33953.58,195.27,0.45,,,
-33975.38,194.46,0.66,,,
-33993.78,194.47,0.03,,,
-34024.88,196.47,0.45,,,
-34059.38,195.41,0.33,,,
-34132.08,195.93,1.02,,,
-34258.18,194.89,0.62,,,
-34318.68,195.79,0.76,,,
-34380.68,196.27,0.24,,,
-34402.28,196.2,0.32,,,
-34624.78,199.65,0.74,,,
-34670.48,199.49,0.64,,,
-34687.88,200.29,0.43,,,
-34715.68,198.89,0.98,,,
-34778.48,197.16,1.2,,,
-34893.48,202.8,0.03,,,
-34934.68,203.09,0.48,,,
-35157.48,198.78,0.57,,,
-35233.68,203.6,0.36,,,
-35349.58,205.38,0.1,,,
-35404.88,204.47,1.22,,,
-35427.28,203.62,0.87,,,
-35450.88,201.36,0.26,,,
-35513.68,200.3,0.8,,,
-35564.98,201.06,1.01,,,
-35576.38,202.04,0.9,,,
-35598.58,201.89,0.65,,,
-35635.88,201.83,0.99,,,
-35740.38,201.81,0.24,,,
-35769.48,200.5,0.63,,,
-35922.48,203.29,1.07,,,
-36016.18,198.8,0.37,,,
-36154.38,204.12,1.32,,,
-36240.98,201.78,0.23,,,
-36329.68,200.09,0.63,,,
-36574.18,198.96,0.95,,,
-36659.68,205.1,1.14,,,
-36737.48,203.77,0.16,,,
-36780.68,203.75,0.01,,,
-36888.08,202.76,1.16,,,
-37007.68,203.51,0.23,,,
-37091.28,206.36,1.13,,,
-37186.48,210.16,0.89,,,
-37211.08,207.35,0.16,,,
-37364.38,208.25,0.95,,,
-37369.88,209.66,0.59,,,
-37405.98,206.59,0.12,,,
-37498.88,212.51,1.47,,,
-37529.18,209.84,0.53,,,
-37686.48,214.3,0.4,,,
-37715.38,212.14,0.72,,,
-37845.08,212.09,1.62,,,
-37962.88,214.21,1.09,,,
-38068.18,211.21,0.68,,,
-38156.38,214.36,1.48,,,
-38233.48,208.34,0.59,,,
-38260.28,206.52,0.45,,,
-38352.08,207.41,0.17,,,
-38427.08,208,0.67,,,
-38480.68,210.79,0.64,,,
-38540.78,207.23,0.04,,,
-38601.08,210.08,0.4,,,
-38641.48,208.23,1.98,,,
-38689.68,204.79,0.46,,,
-38738.68,204.46,0.74,,,
-38791.28,206.54,0.31,,,
-38880.48,206.09,0.26,,,
-38942.58,205.65,0.02,,,
-39023.48,205.99,1.31,,,
-39044.68,202.34,1.42,,,
-39121.48,204.28,0.68,,,
-39188.38,207.32,0.2,,,
-39333.58,208.69,1.7,,,
-39371.08,209.5,0.47,,,
-39387.78,209.33,0.48,,,
-39407.68,207.87,0.79,,,
-39447.28,204.78,1.06,,,
-39470.78,191.53,0.9,,,
-39522.28,198.14,1.03,,,
-39583.28,200.4,1.36,,,
-39688.88,195.7,2.08,,,
-39777.08,196.67,1.06,,,
-39824.98,193.58,1.16,,,
-39952.88,193.87,0.2,,,
-39968.38,197.55,0.67,,,
-40110.58,192.6,2.21,,,
-40179.98,193.08,0.44,,,
-40213.18,193.69,0.42,,,
-40376.28,197.9,1.39,,,
-40553.83,201.32,1.37,,,
-40621.32,201.48,1.09,,,
-40822.18,200.47,0.74,,,
-40975.27,200.97,1.92,,,
-41235.78,201.53,1.88,,,
-41371.47,204.19,1.54,,,
-41673.85,205.49,0.99,,,
-41827.09,201.12,1,,,
-41968.57,199.89,1.36,,,
-42383.7,200.9,1.24,,,
-42696.18,204.83,0.19,,,
-42917.75,206.35,1.07,,,
-43035.96,204.26,0.76,,,
-43239.77,203.16,1.43,,,
-43418.54,201.66,1.81,,,
-43583.7,204.22,0.86,,,
-43729.04,203.18,1.05,,,
-43876.89,201.69,1.13,,,
-44163.08,204.31,0.92,,,
-44272.33,202,0.52,,,
-44418.35,206.22,1.86,,,
-44558.38,204.83,1.32,,,
-44723.42,212.29,0.85,,,
-44883.89,210.44,0.56,,,
-45064.04,211.49,0.35,,,
-45209.9,207.95,0.71,,,
-45348.27,213.92,0.82,,,
-45528.2,214.5,0.81,,,
-45763.94,217.51,2.16,,,
-45944.99,222.72,0.33,,,
-46125.21,221.77,1.74,,,
-46249.14,219.25,1.19,,,
-46376.43,218.35,1.45,,,
-46703.78,216.42,1.44,,,
-46814.32,214.18,0.99,,,
-46955.82,210.84,1.5,,,
-47154.16,210.27,0.53,,,
-47382.86,207.6,1.2,,,
-47592.24,204.26,0.98,,,
-47778.27,203.79,0.39,,,
-48011.63,205.66,0.97,,,
-48291.06,206.18,2.05,,,
-48495.74,200.98,0.56,,,
-49055.83,201.58,0.88,,,
-49370.86,200.12,0.4,,,
-49530.54,204.06,1.22,,,
-49796.2,203.87,1.26,,,
-50074.39,204.38,1.65,,,
-50288.43,206.74,0.48,,,
-50595.29,207.41,0.46,,,
-51097.05,207.64,0.91,,,
-51499.33,211.57,0.39,,,
-51847.41,215.08,1.77,,,
-52154.7,213.82,0.73,,,
-52452.66,219.08,0.28,,,
-52641.56,220.72,0.36,,,
-52868.62,221.15,1.09,,,
-53176.13,223.72,1.68,,,
-53468.33,223.26,0.89,,,
-53874.13,221.14,1.49,,,
-54224.48,220.37,0.85,,,
-54455.01,217.96,1.84,,,
-54762.49,213.89,1.14,,,
-55082.37,216.86,0.61,,,
-55361.34,208.19,0.72,,,
-55621.01,214.78,0.55,,,
-55977.42,210.27,1.23,,,
-56305.01,207.67,0.81,,,
-56571.46,212.44,0.67,,,
-57278.82,215.7,0.63,,,
-57544.15,217.38,2.49,,,
-57911.6,223.72,0.49,,,
-58284.89,224.35,0.8,,,
-58501.2,223.15,1.22,,,
-59172.95,231.29,0.15,,,
-59448.29,226.35,1.37,,,
-59801.35,223.45,0.7,,,
-60177.76,216.66,0.84,,,
-60440.94,212.87,0.71,,,
-60584.51,217.25,0.6,,,
-60885.5,213.78,1.38,,,
-61128.76,207.95,1.26,,,
-61302.72,210.57,1.01,,,
-61621.99,210.9,0.7,,,
-61968.6,206.38,1.2,,,
-62619.89,202.56,0.95,,,
-62842.45,202.71,2.34,,,
-63028.78,200.15,0.65,,,
-63623.67,197.4,1.22,,,
-63964.76,197.24,0.78,,,
-64181.66,199.73,1.31,,,
-64725.17,203.7,0.51,,,
-64935.3,201.67,1.19,,,
-65114.6,199.17,0.66,,,
-65614.33,208.98,3.34,,,
-65832.39,198.17,0.74,,,
-66005.11,200.59,1.46,,,
-66507.19,204.39,2.87,,,
-67027.59,207.21,1.69,,,
-67382.47,201.14,2,,,
-67797.56,203.76,1.06,,,
-68214.07,200.17,1.62,,,
-68687.87,203.43,0.57,,,
-69149.41,205.42,0.89,,,
-69659.9,211.26,1.13,,,
-70120.04,215.55,1.78,,,
-70495.14,220.33,0.55,,,
-70996.75,225.17,1.38,,,
-71347.05,235.02,1.24,,,
-71761.53,237.56,0.75,,,
-72160.69,239.46,0.88,,,
-72558.03,232.79,0.94,,,
-72933.92,232.33,0.97,,,
-73287.2,230.89,2.09,,,
-73818.84,232.74,0.94,,,
-74289.36,231.33,0.7,,,
-74593.53,241.24,0.98,,,
-75135.83,243.27,1.62,,,
-75613.01,249.52,0.74,,,
-75918.53,249.94,0.63,,,
-76315.35,239.34,1.12,,,
-76764.62,238.01,1.98,,,
-77124.36,231.68,1.54,,,
-77683.8,224.92,1.3,,,
-78148.63,226.65,0.84,,,
-78575.83,224.14,0.65,,,
-79037.42,227.3,0.56,,,
-79478.24,229.26,1.34,,,
-79945.64,234.74,0.72,,,
-80398.24,230.6,0.62,,,
-80789.67,233.92,1.46,,,
-81274.82,230.33,0.8,,,
-81779.31,234.13,1.17,,,
-82136.67,238.89,0.94,,,
-82594.6,240.87,1.64,,,
-83056.14,246.32,0.7,,,
-83621.99,247.1,1,,,
-84008.78,250.79,0.8,,,
-84425.32,243.16,0.76,,,
-85004.65,238.42,1.1,,,
-85435.35,234.69,0.6,,,
-85958.57,228.76,1.57,,,
-86566.2,223.38,0.72,,,
-87095.52,221.06,2.32,,,
-87649.06,223.63,0.93,,,
-88204.06,217.8,1.57,,,
-88768.93,223.99,0.5,,,
-89312.6,227.38,1.1,,,
-89764.14,228.88,0.58,,,
-90385.17,229.74,1.29,,,
-90901.9,231.56,0.57,,,
-91512.91,231.12,0.57,,,
-92017.62,233.74,1.11,,,
-92735.7,232.46,2.22,,,
-93492.59,235.16,0.83,,,
-93891.09,238.21,0.77,,,
-94636.43,242.41,0.53,,,
-95301.99,242.91,1.07,,,
-95989.36,246.2,1.54,,,
-96542.76,245.76,0.6,,,
-97338.77,242.35,2.04,,,
-97995.34,239.86,0.45,,,
-98651.6,243.18,0.23,,,
-99429.3,242.99,1.01,,,
-100144.73,245.63,1.07,,,
-100611.06,247.87,1.1,,,
-101393.56,244.76,1.13,,,
-102039.77,240.07,0.94,,,
-102832.66,237.07,1.75,,,
-103376.62,240.68,0.94,,,
-104342.21,247.76,0.83,,,
-104399.11,238.88,1.55,,,
-105034.33,242.36,2.65,,,
-105575.03,248.78,9.96,,,
-106057.75,257.58,4.2,,,
-106324.26,241.4,2.65,,,
-106436.13,244.83,3.05,,,
-107042.7,240.34,2.65,,,
-108469.79,236.43,2.65,,,
-109197.3,244.44,1.58,,,
-109907.85,244.13,2.65,,,
-110623.24,246.69,2.65,,,
-111944.68,257.93,2.94,,,
-112703.94,256.79,2.65,,,
-113009.61,263.12,2.65,,,
-113187.15,264.75,3.64,,,
-113746.52,260.58,2.65,,,
-114317.88,267.9,2.65,,,
-114883.27,275.07,2.65,,,
-115514.55,276.96,1.63,,,
-115976.46,273.16,2.65,,,
-116543.46,273.63,2.65,,,
-117253.43,274.03,2.65,,,
-117687.24,274.98,4.03,,,
-118726.15,277.72,2.65,,,
-119310.4,267.74,2.65,,,
-119783.38,274.59,1.3,,,
-120212,268.73,2.65,,,
-120610.79,276.82,2.65,,,
-121493.9,279.48,2.26,,,
-121909.85,276.61,2.65,,,
-122167.88,278.25,3.4,,,
-122360.24,279,2.65,,,
-123081.83,279.16,2.65,,,
-123698.79,274.6,6.56,,,
-124027.36,275.87,2.65,,,
-124472.4,281.54,2.65,,,
-124885.33,275.52,2.65,,,
-125360.51,276.81,2.78,,,
-126081.58,275.15,2.65,,,
-126767.79,273.02,2.65,,,
-127029.91,274.93,2.65,,,
-127381.71,275.78,2.65,,,
-127571.43,276.88,3.83,,,
-128092.36,276.03,0.28,,,
-128240.55,280.72,2.65,,,
-128534.61,285.76,2.65,,,
-128945.88,271.08,2.65,,,
-129145.92,268.44,1.92,,,
-129723.52,260.61,3.45,,,
-130440.91,251.84,2.65,,,
-130886.24,250.84,2.65,,,
-131390.08,241.13,1.89,,,
-132044.12,232.28,2.65,,,
-132777.76,228,2.65,,,
-132999.84,224.63,2.65,,,
-133843.69,222.74,2.65,,,
-134590.16,212.43,2.65,,,
-136633.43,203.74,0.79,,,
-137831.3,199.18,2.65,,,
-138902.18,198.55,1.08,,,
-140017.85,192.75,0.19,,,
-142428.44,196.51,0.95,,,
-143719.18,194.59,2.65,,,
-144867.47,196.02,2.65,,,
-146176.12,193.59,0.64,,,
-148301.35,195.81,4.05,,,
-149534.03,201.78,2.65,,,
-150662.76,202.51,2.65,,,
-151512.73,202.35,1.86,,,
-153842.54,198.78,1.73,,,
-154957.01,196.3,2.65,,,
-156374.7,189.38,2.65,,,
-158733.88,189,3,,,
-159783.88,185.5,3,,,
-160222.88,187.5,3,,,
-163925.88,204.3,3,,,
-164402.53,196.5,3,,,
-166210.88,191.6,3,,,
-166851.88,190.1,3,,,
-167981.98,186.7,3,,,
-168813.38,183.8,3,,,
-169582.28,196.6,3,,,
-172006.88,197.8,3,,,
-174509.88,197.7,3,,,
-175901.23,196,3,,,
-176920.88,190.3,3,,,
-177601.81,189.4,3,,,
-177797.38,190.1,3,,,
-179940.88,207.7,3,,,
-181369.88,213.2,3,,,
-182263.88,217.7,3,,,
-183325.88,198.1,3,,,
-184438.88,199.7,3,,,
-186478.88,203.4,3,,,
-188504.88,210.7,3,,,
-189874.38,231.3,3,,,
-191322.38,231.4,3,,,
-192031.96,220.3,3,,,
-193142.38,218,3,,,
-195194.38,226.5,3,,,
-195867.38,220,3,,,
-197655.23,226.4,3,,,
-198395.33,241.2,3,,,
-199005.88,242.6,3,,,
-201819.88,250.9,3,,,
-202812.38,239.1,3,,,
-203909.88,247.6,3,,,
-205271.16,244.4,3,,,
-205643.64,231.9,3,,,
-206012.46,232.2,3,,,
-206427.82,228.6,3,,,
-206964.73,226.3,3,,,
-207308.18,229.4,3,,,
-207690.77,231.4,3,,,
-208176.66,238.1,3,,,
-208342.41,237.2,3,,,
-208889.45,230,3,,,
-209150.14,240.5,3,,,
-209512.92,242.2,3,,,
-210033.97,244.6,3,,,
-210243.05,243.9,3,,,
-210899.95,247.2,3,,,
-211126.35,252,3,,,
-211645.72,246.9,3,,,
-212146.63,239.5,3,,,
-212600.96,257.4,3,,,
-213398.23,243.4,3,,,
-214226.69,251.2,3,,,
-215148.63,241.4,3,,,
-215980.22,240.3,3,,,
-216374.03,242.6,3,,,
-216932.85,247.5,3,,,
-217483.52,251.7,3,,,
-217762.84,251.1,3,,,
-218268.67,245.3,3,,,
-219135.49,240.5,3,,,
-221003.5,214.1,3,,,
-221765.34,216.1,3,,,
-222607.46,207.1,3,,,
-223196.92,208.8,3,,,
-224339.39,205.6,3,,,
-226327.71,203.3,3,,,
-226917.72,215.7,3,,,
-227787.86,235.5,3,,,
-228507.3,234.5,3,,,
-228834.87,233.1,3,,,
-229639.93,224.5,3,,,
-231197.54,232.4,3,,,
-232259.65,233.9,3,,,
-232923.94,241.6,3,,,
-236058.74,245.2,3,,,
-236493.89,252.1,3,,,
-236918.68,241.4,3,,,
-237459.54,247.4,3,,,
-237973.41,243.1,3,,,
-238493.22,239.1,3,,,
-239076.14,245.6,3,,,
-239454.92,245.8,3,,,
-239806.54,247.4,3,,,
-240258.25,252.8,3,,,
-241400.93,259.7,3,,,
-241923.28,263.2,3,,,
-242753.34,279,3,,,
-243206.4,280.2,3,,,
-244189.65,263.7,3,,,
-244650.22,252.3,3,,,
-245124.89,249.9,3,,,
-245631.88,236.7,3,,,
-246256.69,230.4,3,,,
-246938.37,219.4,3,,,
-249167.75,214.7,3,,,
-251458.45,200.2,3,,,
-252200.14,213.9,3,,,
-253021.6,195.4,3,,,
-253824.56,196.7,3,,,
-254654.99,195.4,3,,,
-256366.54,199,3,,,
-257128.47,201.9,3,,,
-257975.95,204,3,,,
-259464.78,203.9,3,,,
-260962.12,209.6,3,,,
-261361.8,205.7,3,,,
-262122.46,208.9,3,,,
-262884.98,214.6,3,,,
-264651.64,228.1,3,,,
-266202.33,199.9,3,,,
-267074.88,211.7,3,,,
-268325.71,188.7,3,,,
-269063.38,187.2,3,,,
-270008.35,194.2,3,,,
-271103.92,198.8,3,,,
-272217.52,184.7,3,,,
-273233.71,190.4,3,,,
-274231.96,193.9,3,,,
-275222.52,194.1,3,,,
-276325.6,198.4,3,,,
-277510.88,193.2,3,,,
-278658.79,202.2,3,,,
-279686.93,204.5,3,,,
-280626.83,211,3,,,
-281468.62,215.3,3,,,
-282660.77,223.7,3,,,
-284502.56,231.3,3,,,
-285999.2,228,3,,,
-286677.84,226.4,3,,,
-287511.74,231.4,3,,,
-287887.93,230.4,3,,,
-288354.31,231,3,,,
-290252.38,234.9,3,,,
-290931.67,220.4,3,,,
-291630.75,217.1,3,,,
-292886.19,207.6,3,,,
-293718.62,206,3,,,
-294523.17,206.7,3,,,
-295432.11,212.7,3,,,
-296896.75,213.1,3,,,
-298772.5,217.1,3,,,
-299444.16,224.4,3,,,
-300183.75,231,3,,,
-301093.5,236.1,3,,,
-302152.07,239,3,,,
-303183.88,236,3,,,
-304168.8,240.2,3,,,
-305167.69,240.7,3,,,
-305846.03,250.2,3,,,
-306649,248.6,3,,,
-307531.15,244.8,3,,,
-308393.58,225.8,3,,,
-309491.61,227.8,3,,,
-310078.86,226.2,3,,,
-310843.98,233.2,3,,,
-311737.91,237.8,3,,,
-312661.31,239,3,,,
-313411.01,241.9,3,,,
-314119.73,251.6,3,,,
-314904.09,256.7,3,,,
-315725.4,257.1,3,,,
-316518.6,246.8,3,,,
-317217.75,272.6,3,,,
-318000.43,251.6,3,,,
-318920.48,245.2,3,,,
-319897.54,233.4,3,,,
-320984.22,255.8,3,,,
-321885.33,249.2,3,,,
-323451.23,257.2,3,,,
-324234.8,260.4,3,,,
-325075.29,260.3,3,,,
-325890.88,260.5,3,,,
-326658.97,266.2,3,,,
-327503.72,264,3,,,
-328154.69,266.1,3,,,
-328838.63,270.1,3,,,
-329482.17,271.9,3,,,
-330121.21,275.1,3,,,
-331361.43,265,3,,,
-332212,271.7,3,,,
-332866.5,272.6,3,,,
-333567.97,273.1,3,,,
-334065.44,282.4,3,,,
-334417.38,289.1,3,,,
-334611.77,288.4,3,,,
-335170.19,298.6,3,,,
-335775.39,278.1,3,,,
-336445.42,285.8,3,,,
-336935.7,278.6,3,,,
-337584.55,270.5,3,,,
-338281.38,255.7,3,,,
-339059.32,241.9,3,,,
-340051.77,239.6,3,,,
-340802.96,234.2,3,,,
-342859.44,250.1,3,,,
-343991.47,200.7,3,,,
-345068.73,205.2,3,,,
-346388.79,204.8,3,,,
-347612.69,211.9,3,,,
-349206.97,220.3,3,,,
-351744.23,221.1,3,,,
-353242.48,216.2,3,,,
-354480.86,209.4,3,,,
-355885.65,209.2,3,,,
-359078.26,193,3,,,
-360751.72,186.1,3,,,
-362635.48,185.8,3,,,
-365258.11,201.2,3,,,
-368133.78,206.3,3,,,
-371453.75,201.9,3,,,
-373525.5,199.9,3,,,
-375272.48,214.7,3,,,
-377102.76,224.6,3,,,
-378828.12,229.6,3,,,
-382999.37,227,3,,,
-384625.33,240,3,,,
-386351.59,239.1,3,,,
-387892.7,246.8,3,,,
-389478.09,245.8,3,,,
-392355.13,258.1,3,,,
-393045.03,259.5,3,,,
-394071.57,273.6,3,,,
-394973.98,260.7,3,,,
-398343.01,276.3,3,,,
-399994.04,277.1,3,,,
-400777.96,283.2,3,,,
-402208.8,283.1,3,,,
-402927.72,275.7,3,,,
-404381.18,276.5,3,,,
-405130.51,280.5,3,,,
-406610.68,279.6,3,,,
-407350.38,285.6,3,,,
-408886.6,284.5,3,,,
-409666.12,274.7,3,,,
-410521.68,282.6,3,,,
-411415.85,283.5,3,,,
-413326.53,274.9,3,,,
-414278.74,264.9,3,,,
-415247.47,271.6,3,,,
-416013.49,276.4,1.6,,,
-416493.2,271.7,1.2,,,
-417508.32,273.4,1.5,,,
-418024.66,271.8,1.7,,,
-418573.18,274.6,1.8,,,
-419643.66,273.7,0.8,,,
-420201.64,271.2,1.5,,,
-420769.64,273.8,1.6,,,
-421980.03,268.6,1.4,,,
-422600.53,266.4,1.8,,,
-423293.38,270.6,1.1,,,
-424575.63,267.7,2.9,,,
-425200.14,268.3,1.9,,,
-425808.79,270.8,1.1,,,
-426305.15,270,2.5,,,
-426689.44,265.4,2,,,
-427222.84,255.3,1.3,,,
-428009.28,252.1,0.7,,,
-428908.08,248.2,0.9,,,
-429246.24,242.5,1.5,,,
-431091.64,219.7,1.7,,,
-432247.19,227.2,2.2,,,
-433918.18,211.5,1.7,,,
-434446.95,207.6,1.3,,,
-436007.57,209.8,1.6,,,
-437553.3,207.5,1.3,,,
-439131.3,200.3,1.6,,,
-440727.46,201.7,1.6,,,
-442298.66,201.3,1.1,,,
-443912.53,202,1.5,,,
-445399.61,199.1,1.1,,,
-447287.06,201.1,0.9,,,
-448527.06,203.5,0.6,,,
-449638.92,208.1,1.8,,,
-450710.77,201.7,1.7,,,
-451815.16,201.2,2.1,,,
-452803.72,204.9,1.4,,,
-453843.52,201.9,1.8,,,
-454932.19,198.4,1.3,,,
-456069.49,193.3,1.6,,,
-457182.32,192.5,1,,,
-457813.01,199.1,0.6,,,
-458276.17,204.3,1,,,
-458861.89,203.3,1,,,
-459279.43,208.3,1.4,,,
-460320.09,202.4,1.3,,,
-461353.94,195.5,0.8,,,
-462481.98,190.7,1.9,,,
-463594.53,194.4,0.7,,,
-464667.35,199.9,2.6,,,
-465333.24,205.2,0.9,,,
-465669.61,210,0.7,,,
-466700.18,208.1,2.2,,,
-467774.52,204.4,1.9,,,
-468945.59,203.4,1.2,,,
-470108.01,205.5,0.9,,,
-470793.86,206.5,0.9,,,
-471268.67,215.5,2.3,,,
-471892.41,218.7,0.9,,,
-472330.95,229.2,1.4,,,
-472931.15,232.7,0.7,,,
-473285.7,243.7,1.8,,,
-473868.73,243.9,1.1,,,
-474160.24,245.6,0.9,,,
-475041.99,241.2,1.7,,,
-475993.08,233.1,0.6,,,
-477017.68,232.8,1.1,,,
-478008.88,236.6,1,,,
-478960.34,239.1,0.9,,,
-479470.83,236.5,1.2,,,
-479843.57,231.3,1,,,
-480396.18,220.8,0.7,,,
-480794.56,218.8,2.3,,,
-481730.84,223.8,1.4,,,
-482648.84,223.4,1.7,,,
-483463.26,227.3,1.3,,,
-484247.67,231.4,1.1,,,
-485004.06,231.4,1.3,,,
-485735.4,231.2,1.2,,,
-486466.55,233,1.4,,,
-487197.13,232.9,1.2,,,
-487915.95,231.3,1.2,,,
-488633.33,237.1,1.8,,,
-489369.97,242,0.2,,,
-489787.67,240.9,0.4,,,
-490094.17,252.8,2.5,,,
-490562.79,249.3,2.7,,,
-490801.83,242.6,0.6,,,
-491518.96,243.3,1.3,,,
-492222.43,246.7,1.6,,,
-492931.66,243.7,1.4,,,
-493660.99,239.7,1.9,,,
-494368.27,239.1,1.2,,,
-495092.01,238.3,2,,,
-495793.57,238.5,1.4,,,
-496511.95,237.6,1.6,,,
-497255.51,236.4,2.1,,,
-498033.86,236.5,1.7,,,
-498805.3,232.8,0.8,,,
-499594.66,230.6,0.5,,,
-500372.66,230.8,1,,,
-501151.84,228.2,1.7,,,
-501929.3,230.8,1.4,,,
-502705.52,231.2,0.8,,,
-503486.81,232,1.6,,,
-504245.07,232.2,1.4,,,
-504979.66,234.1,0.8,,,
-505752.12,233.9,1.1,,,
-506551.61,235.5,1.8,,,
-507380.28,236,2.1,,,
-508185.6,238.2,0.9,,,
-509008.86,237,0.8,,,
-509852.86,240.3,0.7,,,
-510720.21,233.4,1,,,
-511580.33,236.4,1.4,,,
-512431.66,235.2,0.5,,,
-513272.62,242,0.8,,,
-514101,238.2,1,,,
-514915.66,239.2,1.2,,,
-515718.66,241.5,1.3,,,
-516488.86,243,0.5,,,
-517222.86,247.2,2.2,,,
-517943.89,246.2,2.6,,,
-518668.34,245.5,1.1,,,
-519397.01,245.3,1.3,,,
-520141.24,247.7,1.4,,,
-520889.69,245.5,0.8,,,
-521642.35,243.5,0.7,,,
-523869.7,241.9,1.4,,,
-524638.75,236.8,0.8,,,
-525404.88,235.8,1.2,,,
-526174.88,233.7,0.7,,,
-526963.69,230.3,0.8,,,
-527766.57,227.8,0.6,,,
-528584.57,224.7,1.9,,,
-529471.31,222.7,1,,,
-530358.39,221.2,1.2,,,
-531269.26,220.3,0.5,,,
-532146.64,220.7,0.9,,,
-532660.41,214.5,0.5,,,
-533055.45,211.4,2.2,,,
-533622.25,204.4,0.6,,,
-534000.12,200,0.8,,,
-534736.06,195.1,0.7,,,
-535111.44,193.8,0.8,,,
-535762.93,190.5,1.7,,,
-536246.35,199.8,1.2,,,
-537402.35,199.4,0.8,,,
-538508.64,205,0.9,,,
-539581.7,206.4,0.7,,,
-540651.7,212.9,1.3,,,
-541721.7,211.2,0.7,,,
-542808.09,205,0.8,,,
-543912.75,203.6,1.2,,,
-544953.87,208.1,0.8,,,
-545932.79,210.3,1.6,,,
-546898.03,209.6,1.6,,,
-547874.56,209.7,0.8,,,
-548838.66,204.6,1.9,,,
-549787.99,202.5,1.6,,,
-550298.61,208.8,0.7,,,
-550650.43,213.6,0.9,,,
-551448.97,215.2,0.5,,,
-552178.97,219.9,0.5,,,
-552749.44,221.7,1.4,,,
-553088.8,222.3,0.9,,,
-553313.87,226.3,0.9,,,
-553687.27,222.1,1.1,,,
-553876.53,220.3,0.3,,,
-554547.5,223.6,1.1,,,
-555226.23,224.3,2.2,,,
-555910.23,226.7,1.2,,,
-556474.9,233.9,1.5,,,
-556991.17,241,1.4,,,
-557266.53,243,0.8,,,
-557452.93,249.1,2.1,,,
-557725.02,244,1.5,,,
-557906.09,250.5,0.8,,,
-558222.44,245.6,1.3,,,
-558373.9,240.4,0.9,,,
-558845.57,238.1,1.2,,,
-559383.89,234.5,1,,,
-559704.64,229.7,0.4,,,
-559940.5,230.2,0.7,,,
-560504.5,230.3,1.5,,,
-561033.48,228.3,0.9,,,
-561518.62,231.6,1.2,,,
-561955.95,231.9,1.2,,,
-562378.37,234.6,1.5,,,
-562723.48,234.1,0.9,,,
-563202.73,240.1,2.1,,,
-563603.62,242.3,0.5,,,
-563995.78,245.7,1.8,,,
-564378.44,245.8,0.5,,,
-564792.24,247.6,1.5,,,
-565202.18,251.4,1.7,,,
-565606.84,252.4,1.7,,,
-565963.52,252.6,1,,,
-566313.18,251.4,0.7,,,
-566656.52,253.7,0.8,,,
-566986.23,254.3,1.6,,,
-567307.37,253.9,0.7,,,
-567616.53,254.5,1.6,,,
-567952.77,253.2,0.9,,,
-568272.02,253.9,1.2,,,
-568602.12,252.8,1.1,,,
-568998.03,253,0.6,,,
-569382.47,250.2,0.4,,,
-569751.81,251.3,1.3,,,
-570135.13,250,1.3,,,
-570531.34,251.3,1.3,,,
-570930.01,251.8,1.2,,,
-571329.32,251.8,1.3,,,
-571701.24,249.6,0.5,,,
-572042.57,251.6,1.7,,,
-572383.38,250.3,1.04,,,
-572737.75,246.31,1.15,,,
-573121.4,247.66,0.68,,,
-573543.63,249.19,1.08,,,
-573980.9,248.72,0.39,,,
-574432.53,251.77,1.78,,,
-574873.88,251.86,0.7,,,
-575301.84,252.08,1.3,,,
-575722.41,248.86,0.98,,,
-576180.73,252.54,0.52,,,
-576666.98,252.9,1.06,,,
-577182.98,251.3,1.06,,,
-577721.73,251.34,1.13,,,
-578264.23,251.08,0.6,,,
-578810.23,249.06,0.48,,,
-579348.43,252.92,1.07,,,
-579901,251.47,1.8,,,
-580278.38,244.14,1.67,,,
-580469.66,243.81,0.87,,,
-580881.88,236.17,0.3,,,
-581186.53,230.26,0.57,,,
-581614.41,225.21,1.57,,,
-581996.18,219.41,0.81,,,
-582522.41,215.45,1.07,,,
-582904.18,209.88,1.18,,,
-583642.13,206.68,0.51,,,
-584026.68,210.64,0.64,,,
-586788.72,223.96,0.87,,,
-587239.73,225.99,1.45,,,
-587956.55,234.4,0.5,,,
-588347.23,238.78,0.98,,,
-589008.78,246.35,1.8,,,
-589493.23,250.2,0.4,,,
-590108.03,248.1,0.56,,,
-590556.68,243.56,0.76,,,
-591087.35,237.38,0.75,,,
-592451.35,225.68,1.13,,,
-592853.4,229.39,1.25,,,
-593629.13,233.16,0.28,,,
-594114.63,238.15,0.89,,,
-594931.69,237.98,1.05,,,
-595504.35,232.92,0.6,,,
-596289.44,221.22,1.77,,,
-596859.01,216.44,0.91,,,
-597871.49,216.27,1.48,,,
-598397.63,219.02,1,,,
-599286.1,225.97,1.14,,,
-599882.51,229.38,1.39,,,
-601323.03,232.45,1.3,,,
-602668.63,237.86,0.79,,,
-604017.03,239.14,1.09,,,
-605371.03,244.53,0.7,,,
-606693.79,248.48,1.68,,,
-608047.18,254.58,1.22,,,
-609315.18,259.22,1.82,,,
-610497.38,257.74,0.46,,,
-611618.89,257.82,2.11,,,
-611668.51,259.68,1.16,,,
-612829.85,258.14,1.41,,,
-614010.68,256.19,0.39,,,
-615208.48,252.75,1.06,,,
-616367,252.9,0.62,,,
-616424.48,252.73,0.94,,,
-617677.45,252.64,1.06,,,
-619021.63,248.29,1,,,
-620351.63,245.89,0.29,,,
-621719.33,243.53,0.81,,,
-623018.61,243.89,2.84,,,
-623122.83,239.19,0.83,,,
-624564.83,237.93,1.02,,,
-625465.8,235.02,0.35,,,
-626115.38,228.51,0.88,,,
-627037.31,215.71,0.48,,,
-627897.98,205.76,0.94,,,
-629207.5,199.52,0.77,,,
-629837.73,205.27,0.87,,,
-629933.98,200.78,0.5,,,
-631594.2,200.46,1.81,,,
-632424.82,196.5,1.51,,,
-634145.42,193.1,1.55,,,
-634949.02,195.95,1.53,,,
-635076.91,194.86,1.76,,,
-636589.44,194,0.66,,,
-637782.25,195.33,1.85,,,
-639486.15,188.85,0.96,,,
-640440.13,190.18,0.5,,,
-642142.48,191.38,1.05,,,
-642924.53,191.56,1.13,,,
-644368.71,195.31,1.25,,,
-645218.53,195.82,0.95,,,
-646444.83,189.89,2.02,,,
-647322.73,191.85,1,,,
-648680.3,193.48,0.74,,,
-649258.98,196.17,0.44,,,
-650416.34,189.25,1.22,,,
-651014.98,193.44,0.71,,,
-652172.14,187.27,0.54,,,
-652776.83,186.79,0.97,,,
-653798.13,192.87,1.85,,,
-654506.53,194.82,0.98,,,
-655592.23,200,0.53,,,
-656200.53,200.35,0.75,,,
-657248.97,192.93,0.65,,,
-657722.09,189.23,1.78,,,
-657789.88,190.88,0.87,,,
-658831.98,184.1,0.29,,,
-659361.7,187.38,1.06,,,
-659479.78,185.68,0.41,,,
-660531.43,188.43,0.95,,,
-661186.2,193.97,0.99,,,
-661283.78,191.59,0.77,,,
-662350.06,189.69,1.52,,,
-662864.49,193.91,2.12,,,
-662945.43,190.86,1.02,,,
-664005.4,191.02,1.2,,,
-664388.28,192.55,1.3,,,
-664475.97,187.77,0.83,,,
-665389.82,180.17,1.12,,,
-665904.4,180.54,1.12,,,
-666821.24,174.77,1.04,,,
-667477.74,173.71,1.38,,,
-668483.14,177.71,0.68,,,
-668983.42,180.67,0.71,,,
-669887.18,187.66,0.18,,,
-670364.2,191.51,0.92,,,
-671138.63,194.88,0.97,,,
-671525.81,196.83,0.69,,,
-672218.76,194.79,0.58,,,
-672829.26,197.13,0.99,,,
-673763.99,201.12,1,,,
-674297.26,204.67,0.73,,,
-675096.28,211.69,0.58,,,
-675474.41,216.12,0.81,,,
-676598.62,222.57,0.76,,,
-677220.19,219.96,0.61,,,
-677668.62,216.59,0.93,,,
-678396.06,218.21,1.38,,,
-678809.5,220.09,1.52,,,
-679523.25,229.16,0.81,,,
-679803.05,232.7,0.9,,,
-680380.46,233.61,0.55,,,
-680695.49,233.11,1.16,,,
-681293.55,225.81,1.21,,,
-681737.81,227.9,1.32,,,
-682411.59,221.31,0.89,,,
-682807.97,219.14,0.95,,,
-683525.74,220.24,1.68,,,
-683896.63,222.7,0.6,,,
-684491.56,225.64,1.65,,,
-684825.94,224.36,1.29,,,
-685362.72,221.82,0.77,,,
-685747.75,220.62,0.7,,,
-686336.99,220.63,1.39,,,
-686649.69,222.62,1.05,,,
-687221.92,222.7,1.05,,,
-687513.38,222.97,1.24,,,
-688068.26,226.73,1,,,
-688368.01,227.65,1.34,,,
-688877.75,227.64,1.14,,,
-689225.71,230.67,1.66,,,
-689761.14,232.07,1.29,,,
-690019.33,232.27,1.49,,,
-690542.53,235.8,0.99,,,
-690804.27,236.45,0.53,,,
-691289.71,239.29,1.05,,,
-691535.55,238.42,1.24,,,
-692035.84,239.38,1.95,,,
-692386.22,243.56,0.56,,,
-692900.34,239.3,1.27,,,
-693144.97,238.47,2.15,,,
-693641.92,243.7,2.1,,,
-693889.17,237.76,0.84,,,
-694348.23,239.34,0.99,,,
-694604.7,240.46,0.71,,,
-695017.02,239.31,0.91,,,
-695327.14,239.8,1.42,,,
-695800.19,236.8,0.57,,,
-696049.76,238.74,1.46,,,
-696502.77,238.05,1.52,,,
-696712.71,238.13,1.28,,,
-697158.17,239.44,0.96,,,
-697410.33,238.42,1.11,,,
-697814.56,239.88,1.27,,,
-698106.88,241.03,0.79,,,
-698573.42,240.9,1.92,,,
-698821.11,241.83,0.73,,,
-699283.63,238.86,1.02,,,
-699506.9,239.01,0.65,,,
-699932.59,239.73,0.8,,,
-700171.57,237.21,0.55,,,
-700552.9,236.72,0.65,,,
-700882.72,236.61,0.48,,,
-701336.41,235.42,0.97,,,
-701592.4,232.46,0.54,,,
-702061.03,230.88,1.02,,,
-702268.8,232.16,0.75,,,
-702802.15,232.18,1.62,,,
-703077.86,230.59,0.26,,,
-703536.4,233.35,1.26,,,
-703863.95,232.28,1.12,,,
-704318.4,232.83,0.52,,,
-704649.69,233.54,1.36,,,
-705121.22,234.04,0.46,,,
-705311.79,235.09,1.68,,,
-705794.83,237.18,1.33,,,
-706121.08,237.66,1.57,,,
-706560.83,236.05,1.75,,,
-706778.62,236.05,0.93,,,
-707378.58,238.85,0.8,,,
-707711.61,233.51,1.46,,,
-708267.56,233.58,1,,,
-708481.33,233.11,1.01,,,
-709027.03,234.84,1.15,,,
-709521.67,231.43,0.86,,,
-709977.43,230.51,0.99,,,
-710524.33,227.03,0.73,,,
-711051.24,224.9,0.62,,,
-711466.92,225.39,0.29,,,
-712089.35,224.12,1.49,,,
-712311.61,224,1.45,,,
-713380.38,223.89,0.47,,,
-714133.46,227.64,1.61,,,
-714471.68,227.08,2.01,,,
-715183.61,223.14,0.59,,,
-715633.26,227.58,0.55,,,
-716378.04,213.6,0.66,,,
-716653.79,210.51,1.65,,,
-717416.15,198.43,1.17,,,
-718023.36,189.88,1.13,,,
-718846.23,193.46,1.64,,,
-719355.06,200.82,0.75,,,
-720155.17,212.03,0.84,,,
-720658.64,217.04,0.9,,,
-721475.4,219.2,1.18,,,
-721757.74,218.96,1.27,,,
-722573.69,216.1,2.02,,,
-723062.47,212.11,0.69,,,
-723848.11,212.55,1.77,,,
-724209.88,214.01,1.19,,,
-725043.24,210.48,0.37,,,
-725542.31,211.49,1.28,,,
-726317.47,211.08,1.07,,,
-726644.74,211.43,0.77,,,
-727966.38,210.07,1.62,,,
-728661.78,210.24,0.83,,,
-729055.41,211.08,0.78,,,
-729904.82,210.01,1.01,,,
-730328.19,212.17,1.72,,,
-730976.19,210.16,0.69,,,
-731252.11,210.7,0.34,,,
-731928.88,211.62,0.36,,,
-732389.63,213.73,1.89,,,
-733061.38,208.11,1.24,,,
-733396.88,207.72,0.81,,,
-734090.11,210.6,1.03,,,
-734530.5,216.15,1.81,,,
-735202.45,214.66,0.71,,,
-735477.79,217.88,0.83,,,
-736175.19,217.19,1.38,,,
-736590.1,213.14,1.66,,,
-737337.7,206.92,1.56,,,
-737728,204.52,1.49,,,
-738648.87,191.74,0.93,,,
-739242.44,185.61,0.33,,,
-740174.33,185.4,2.38,,,
-740528.8,183.39,2.4,,,
-741397.78,184.77,2.07,,,
-741942.01,189.14,1.31,,,
-742712.63,188.65,2.71,,,
-743130.05,187.33,0.72,,,
-744026.96,188.18,0.91,,,
-744591.02,188.97,0.9,,,
-745738.93,187.29,1.24,,,
-746687.81,190.24,0.42,,,
-747244.92,187.92,0.32,,,
-748008.08,187.95,1.27,,,
-748404.76,187.54,0.84,,,
-749330.81,188.68,1.26,,,
-749882.06,190.17,1.76,,,
-750774.32,192.08,1.57,,,
-751104.13,191.3,1.38,,,
-752041.75,193.55,1.88,,,
-752633.76,197.5,1.3,,,
-753556.95,195.43,0.34,,,
-754002.53,203.9,1.84,,,
-755182.46,199.05,1.7,,,
-755654.71,203.3,1.53,,,
-756634.05,208.1,1.96,,,
-756918.56,209.45,1.36,,,
-757853.33,213.61,2.15,,,
-758430.3,218.35,2.34,,,
-759203.57,222.72,1.5,,,
-759629.76,226.94,1.42,,,
-759946.09,223.02,0.68,,,
-760176.15,225.37,1.75,,,
-760583.94,225.62,2.33,,,
-761007.82,222.71,1.23,,,
-761932.37,216.64,0.75,,,
-762233.92,214.69,1.12,,,
-763169.68,214,1.86,,,
-763838.46,219.95,0.23,,,
-764744.76,223.89,2.06,,,
-765249.7,222.93,0.92,,,
-765654.52,233.66,3.05,,,
-765919.36,229.41,2.67,,,
-766256.38,232.12,1.38,,,
-766876.79,230.62,0.89,,,
-767815.04,224.86,1.56,,,
-768185.14,223.82,0.51,,,
-769129.26,221.64,0.41,,,
-769719.3,225.87,0.95,,,
-770667.03,230.63,2.11,,,
-771088.55,229.56,1.8,,,
-771587.21,236.32,1.64,,,
-771880.55,234.24,1.61,,,
-772243.14,239.71,1.87,,,
-772542.44,243.89,1.1,,,
-772805.84,246.49,2.17,,,
-773063.52,243.85,2.09,,,
-773317.7,246.03,2.45,,,
-773752.35,237.78,1.51,,,
-774112.02,239.23,1,,,
-775026.69,238.39,2.26,,,
-775605.89,241.74,0.87,,,
-776400.14,245.32,0.36,,,
-776850.58,248.92,0.63,,,
-777749.63,247.3,2.01,,,
-778300.67,252.46,0.67,,,
-779125.86,254.93,0.48,,,
-779435.43,254.69,1.13,,,
-780256.8,254.43,2.36,,,
-780787.32,252.52,0.93,,,
-781630.71,257.21,0.6,,,
-781954.56,251.51,0.7,,,
-782796.33,257.44,0.65,,,
-783266.41,255.02,1.06,,,
-784329.64,260.92,2.51,,,
-785101.96,255.85,0.66,,,
-785586.93,259.66,0.24,,,
-786257.48,262.23,2.57,,,
-786631.14,264.35,1.38,,,
-787423.39,269.36,1.26,,,
-787871.45,266,0.73,,,
-788547.12,257.2,1.52,,,
-788759.75,257.02,2.69,,,
-789561.92,238.64,0.78,,,
-790020.89,235.49,2.99,,,
-790707.29,227.38,0.84,,,
-791124.76,230.55,1.77,,,
-792098.66,224.69,3.67,,,
-792685.18,214.45,2.53,,,
-793587.27,213.36,1.6,,,
-793920.64,218.39,1.93,,,
-795190.33,208.79,1.67,,,
-795755.2,204.62,1.99,,,
-796920.47,198.79,2.1,,,
-797446.7,197.91,1.42,,,
-798749.18,200.49,2.19,,,
-801303.94,198.68,1.74,,,
-802939.97,198.66,0.98,,,
-803777.13,202.65,1.04,,,
-803993.16,202.92,2.06,,,
-804077.75,207.5,0.92,,,
-804590.55,204.86,1.64,,,
-805200.32,202.23,0.69,,,
-805736.75,207.29,2.2,,,