year,interpolated,sigma_mean_CO2
67.88,405.14,0
67.79,403.64,0
67.71,403.38,0
67.62,405.07,0
67.54,407.07,0
67.46,408.84,0
67.38,409.65,0
67.29,409,0
67.21,407.18,0
67.12,406.42,0
67.04,406.13,0
66.96,404.42,0
66.88,403.53,0
66.79,401.57,0
66.71,401.03,0
66.62,402.25,0
66.54,404.39,0
66.46,406.81,0
66.38,407.7,0
66.29,407.42,0
66.21,404.83,0
66.12,404.04,0
66.04,402.52,0
65.96,401.85,0
65.88,400.16,0
65.79,398.29,0
65.71,397.63,0
65.62,398.93,0
65.54,401.31,0
65.46,402.8,0
65.38,403.96,0
65.29,403.28,0
65.21,401.54,0
65.12,400.28,0
65.04,399.98,0
64.96,398.91,0
64.88,397.28,0
64.79,396.03,0
64.71,395.38,0
64.62,397.03,0
64.54,399.1,0
64.46,401.25,0
64.38,401.78,0
64.29,401.38,0
64.21,399.77,0
64.12,398.01,0
64.04,397.85,0
63.96,396.84,0
63.88,395.16,0
63.79,393.7,0
63.71,393.45,0
63.62,395.2,0
63.54,397.32,0
63.46,398.61,0
63.38,399.78,0
63.29,398.41,0
63.21,397.43,0
63.12,396.8,0
63.04,395.55,0
62.96,394.34,0
62.88,392.98,0
62.79,391.05,0
62.71,391.11,0
62.62,392.39,0
62.54,394.36,0
62.46,395.71,0
62.38,396.74,0
62.29,396.18,0
62.21,394.4,0
62.12,393.86,0
62.04,393.12,0
61.96,391.86,0
61.88,390.28,0
61.79,389,0
61.71,389.08,0
61.62,390.13,0
61.54,392.51,0
61.46,393.73,0
61.38,394.19,0
61.29,393.25,0
61.21,392.6,0
61.12,391.86,0
61.04,391.33,0
60.96,389.79,0
60.88,388.67,0
60.79,387.24,0
60.71,386.85,0
60.62,388.35,0
60.54,390.2,0
60.46,392.15,0
60.38,393,0
60.29,392.46,0
60.21,391.17,0
60.12,390.2,0
60.04,388.71,0
59.96,387.42,0
59.88,386.02,0
59.79,384.43,0
59.71,384.74,0
59.62,386.11,0
59.54,388.03,0
59.46,389.48,0
59.38,390.14,0
59.29,389.55,0
59.21,388.82,0
59.12,387.48,0
59.04,386.94,0
58.96,385.56,0
58.88,384.19,0
58.79,382.99,0
58.71,383.18,0
58.62,384.09,0
58.54,386.35,0
58.46,387.76,0
58.38,388.54,0
58.29,387.21,0
58.21,386.03,0
58.12,385.82,0
58.04,385.52,0
57.96,383.95,0
57.88,382.45,0
57.79,381.12,0
57.71,380.96,0
57.62,381.99,0
57.54,384.5,0
57.46,386.1,0
57.38,386.56,0
57.29,386.5,0
57.21,384.58,0
57.12,383.9,0
57.04,382.89,0
56.96,381.82,0
56.88,380.15,0
56.79,379.13,0
56.71,378.85,0
56.62,380.41,0
56.54,382.46,0
56.46,384.05,0
56.38,385.03,0
56.29,384.61,0
56.21,382.67,0
56.12,382.19,0
56.04,381.38,0
55.96,380.11,0
55.88,378.35,0
55.79,377,0
55.71,376.7,0
55.62,378.74,0
55.54,380.74,0
55.46,382.21,0
55.38,382.45,0
55.29,382.29,0
55.21,380.77,0
55.12,379.73,0
55.04,378.46,0
54.96,377.51,0
54.88,376.16,0
54.79,374.46,0
54.71,374.25,0
54.62,376.01,0
54.54,377.47,0
54.46,379.69,0
54.38,380.62,0
54.29,380.35,0
54.21,378.88,0
54.12,377.87,0
54.04,377,0
53.96,375.99,0
53.88,374.66,0
53.79,373.15,0
53.71,373.17,0
53.62,374.38,0
53.54,376.7,0
53.46,378.28,0
53.38,378.6,0
53.29,377.73,0
53.21,376.46,0
53.12,375.64,0
53.04,374.88,0
52.96,373.79,0
52.88,372.25,0
52.79,370.55,0
52.71,370.75,0
52.62,371.85,0
52.54,374.01,0
52.46,375.52,0
52.38,375.76,0
52.29,375.02,0
52.21,374.12,0
52.12,373.2,0
52.04,372.53,0
51.96,371.24,0
51.88,369.76,0
51.79,368.45,0
51.71,368.18,0
51.62,369.61,0
51.54,371.51,0
51.46,373.21,0
51.38,373.85,0
51.29,373.37,0
51.21,372.43,0
51.12,371.51,0
51.04,370.59,0
50.96,369.67,0
50.88,368.37,0
50.79,367.03,0
50.71,367,0
50.62,368.13,0
50.54,369.86,0
50.46,371.7,0
50.38,371.58,0
50.29,371.82,0
50.21,370.6,0
50.12,369.54,0
50.04,369.29,0
49.96,368.1,0
49.88,366.72,0
49.79,365.37,0
49.71,364.81,0
49.62,366.9,0
49.54,369.45,0
49.46,370.3,0
49.38,370.96,0
49.29,370.99,0
49.21,369.68,0
49.12,369.07,0
49.04,368.18,0
48.96,367.13,0
48.88,365.52,0
48.79,364.4,0
48.71,364.02,0
48.62,365.95,0
48.54,367.82,0
48.46,368.99,0
48.38,369.42,0
48.29,368.66,0
48.21,367.24,0
48.12,365.98,0
48.04,365.26,0
47.96,364.38,0
47.88,362.49,0
47.79,360.82,0
47.71,360.29,0
47.62,362.25,0
47.54,364.31,0
47.46,365.59,0
47.38,366.64,0
47.29,366.35,0
47.21,364.51,0
47.12,364.03,0
47.04,363.09,0
46.96,362.25,0
46.88,360.89,0
46.79,359.58,0
46.71,359.54,0
46.62,361.38,0
46.54,363.55,0
46.46,364.92,0
46.38,365.13,0
46.29,364.57,0
46.21,364.17,0
46.12,363.24,0
46.04,362.07,0
45.96,360.68,0
45.88,359.45,0
45.79,357.99,0
45.71,358.17,0
45.62,359.12,0
45.54,361.64,0
45.46,363.19,0
45.38,363.69,0
45.29,363.3,0
45.21,361.83,0
45.12,360.86,0
45.04,359.92,0
44.96,358.98,0
44.88,357.53,0
44.79,356.08,0
44.71,355.73,0
44.62,357.46,0
44.54,359.38,0
44.46,360.81,0
44.38,361.65,0
44.29,361.23,0
44.21,359.99,0
44.12,358.92,0
44.04,358.24,0
43.96,356.91,0
43.88,355.41,0
43.79,354.12,0
43.71,354.03,0
43.62,355.64,0
43.54,357.33,0
43.46,359.52,0
43.38,360.19,0
43.29,359.27,0
43.21,358.47,0
43.12,357.31,0
43.04,357,0
42.96,355.57,0
42.88,354.32,0
42.79,353.32,0
42.71,352.96,0
42.62,354.94,0
42.54,357.01,0
42.46,359.33,0
42.38,359.59,0
42.29,359.09,0
42.21,357.86,0
42.12,357.11,0
42.04,356.25,0
41.96,355.12,0
41.88,353.81,0
41.79,352.35,0
41.71,352.25,0
41.62,353.85,0
41.54,356.19,0
41.46,358.13,0
41.38,359.13,0
41.29,358.66,0
41.21,357.23,0
41.12,355.73,0
41.04,354.84,0
40.96,354.33,0
40.88,353.07,0
40.79,351.62,0
40.71,351.31,0
40.62,353.01,0
40.54,354.84,0
40.46,356.34,0
40.38,357.32,0
40.29,356.32,0
40.21,355.73,0
40.12,355.04,0
40.04,353.8,0
39.96,352.85,0
39.88,351.49,0
39.79,350.25,0
39.71,350.05,0
39.62,351.81,0
39.54,353.99,0
39.46,355.37,0
39.38,355.86,0
39.29,355.64,0
39.21,353.96,0
39.12,353.27,0
39.04,352.91,0
38.96,351.41,0
38.88,350.2,0
38.79,349.13,0
38.71,348.92,0
38.62,350.4,0
38.54,352.69,0
38.46,353.72,0
38.38,354.21,0
38.29,353.69,0
38.21,352.41,0
38.12,351.64,0
38.04,350.39,0
37.96,349.16,0
37.88,347.96,0
37.79,346.59,0
37.71,346.52,0
37.62,348.08,0
37.54,350.11,0
37.46,351.53,0
37.38,352.09,0
37.29,351.31,0
37.21,349.73,0
37.12,348.73,0
37.04,348.52,0
36.96,347.21,0
36.88,345.93,0
36.79,344.51,0
36.71,345.22,0
36.62,346.08,0
36.54,348.16,0
36.46,349.93,0
36.38,350.38,0
36.29,349.77,0
36.21,348.01,0
36.12,347.28,0
36.04,346.56,0
35.96,345.88,0
35.88,344.49,0
35.79,343.13,0
35.71,343.27,0
35.62,345.02,0
35.54,346.72,0
35.46,348.38,0
35.38,349.06,0
35.29,348.34,0
35.21,347.74,0
35.12,346.16,0
35.04,345.21,0
34.96,344.7,0
34.88,343.1,0
34.79,341.67,0
34.71,341.4,0
34.62,343.55,0
34.54,345.53,0
34.46,346.97,0
34.38,347.63,0
34.29,346.84,0
34.21,345.52,0
34.12,344.79,0
34.04,344.1,0
33.96,343.05,0
33.88,341.59,0
33.79,340.38,0
33.71,340.35,0
33.62,342.27,0
33.54,344.19,0
33.46,345.63,0
33.38,346.03,0
33.29,345.25,0
33.21,343.33,0
33.12,342.9,0
33.04,341.68,0
32.96,340.9,0
32.88,339.6,0
32.79,338.29,0
32.71,338.28,0
32.62,340.09,0
32.54,342.32,0
32.46,343.79,0
32.38,344.63,0
32.29,343.97,0
32.21,342.82,0
32.12,341.73,0
32.04,340.96,0
31.96,339.88,0
31.88,338.58,0
31.79,337.08,0
31.71,336.95,0
31.62,338.44,0
31.54,340.78,0
31.46,342.54,0
31.38,343.04,0
31.29,342.53,0
31.21,341.61,0
31.12,340.55,0
31.04,339.29,0
30.96,338.32,0
30.88,337.27,0
30.79,336.15,0
30.71,336.19,0
30.62,337.7,0
30.54,339.4,0
30.46,341.33,0
30.38,341.48,0
30.29,340.93,0
30.21,340.01,0
30.12,338.34,0
30.04,337.9,0
29.96,336.81,0
29.88,335.31,0
29.79,334.19,0
29.71,333.98,0
29.62,335.75,0
29.54,337.54,0
29.46,339.26,0
29.38,339.21,0
29.29,338.95,0
29.21,338.27,0
29.12,336.69,0
29.04,336.14,0
28.96,334.9,0
28.88,333.75,0
28.79,332.41,0
28.71,332.37,0
28.62,334.41,0
28.54,336.4,0
28.46,338.01,0
28.38,338.03,0
28.29,337.69,0
28.21,336.66,0
28.12,335.25,0
28.04,334.95,0
27.96,333.6,0
27.88,332.41,0
27.79,331.27,0
27.71,331.29,0
27.62,332.56,0
27.54,334.88,0
27.46,336.16,0
27.38,336.93,0
27.29,336.13,0
27.21,334.95,0
27.12,333.13,0
27.04,332.66,0
26.96,331.63,0
26.88,330.15,0
26.79,328.75,0
26.71,328.95,0
26.62,330.68,0
26.54,333.06,0
26.46,334,0
26.38,334.77,0
26.29,334.64,0
26.21,333.52,0
26.12,332.75,0
26.04,331.59,0
25.96,330.58,0
25.88,329.37,0
25.79,328.34,0
25.71,328.5,0
25.62,329.95,0
25.54,331.98,0
25.46,333.45,0
25.38,333.94,0
25.29,333.17,0
25.21,331.9,0
25.12,331.46,0
25.04,330.73,0
24.96,329.58,0
24.88,328.3,0
24.79,327.28,0
24.71,327.32,0
24.62,329.12,0
24.54,331.07,0
24.46,332.16,0
24.38,333.2,0
24.29,332.65,0
24.21,331.48,0
24.12,330.71,0
24.04,329.35,0
23.96,328.64,0
23.88,328.16,0
23.79,327.18,0
23.71,327.51,0
23.62,329.31,0
23.54,330.87,0
23.46,332.07,0
23.38,332.48,0
23.29,331.5,0
23.21,330.3,0
23.12,329.56,0
23.04,328.54,0
22.96,327.55,0
22.88,326.5,0
22.79,325.06,0
22.71,324.93,0
22.62,326.32,0
22.54,328.05,0
22.46,329.09,0
22.38,330.07,0
22.29,329.72,0
22.21,327.75,0
22.12,327.63,0
22.04,326.77,0
21.96,326.01,0
21.88,324.8,0
21.79,323.57,0
21.71,323.36,0
21.62,325.46,0
21.54,327.34,0
21.46,328.57,0
21.38,328.92,0
21.29,327.78,0
21.21,327.18,0
21.12,326.68,0
21.04,326.17,0
20.96,325.13,0
20.88,323.98,0
20.79,323.16,0
20.71,323.1,0
20.62,324.69,0
20.54,326.35,0
20.46,327.66,0
20.38,328.07,0
20.29,328.13,0
20.21,326.87,0
20.12,325.99,0
20.04,325.03,0
19.96,324.11,0
19.88,322.85,0
19.79,321.78,0
19.71,322.38,0
19.62,323.67,0
19.54,325.88,0
19.46,326.76,0
19.38,327.34,0
19.29,326.66,0
19.21,325.64,0
19.12,324.42,0
19.04,324,0
18.96,322.84,0
18.88,321.31,0
18.79,320.25,0
18.71,320.41,0
18.62,322.03,0
18.54,324.14,0
18.46,325.36,0
18.38,325.57,0
18.29,325.02,0
18.21,323.89,0
18.12,323.15,0
18.04,322.57,0
17.96,321.96,0
17.88,320.72,0
17.79,319.31,0
17.71,319.31,0
17.62,320.92,0
17.54,322.55,0
17.46,324.09,0
17.38,325,0
17.29,324.42,0
17.21,323.04,0
17.12,322.5,0
17.04,322.07,0
16.96,321.08,0
16.88,319.79,0
16.79,318.1,0
16.71,318.64,0
16.62,320.37,0
16.54,322.39,0
16.46,323.75,0
16.38,324.01,0
16.29,323.87,0
16.21,322.39,0
16.12,321.59,0
16.04,320.62,0
15.96,319.42,0
15.88,318.87,0
15.79,317.3,0
15.71,317.81,0
15.62,318.81,0
15.54,321.39,0
15.46,321.87,0
15.38,322.16,0
15.29,322.13,0
15.21,320.89,0
15.12,320.44,0
15.04,319.44,0
14.96,318.71,0
14.88,317.79,0
14.79,316.79,0
14.71,316.7,0
14.62,318.7,0
14.54,320.44,0
14.46,321.89,0
14.38,322.25,0
14.29,321.77,0
14.21,320.73,0
14.12,320.07,0
14.04,319.57,0
13.96,318.31,0
13.88,317.12,0
13.79,315.99,0
13.71,316.21,0
13.62,317.77,0
13.54,319.74,0
13.46,321.47,0
13.38,322.25,0
13.29,321.39,0
13.21,319.86,0
13.12,319.08,0
13.04,318.74,0
12.96,317.69,0
12.88,316.69,0
12.79,315.42,0
12.71,316.26,0
12.62,317.4,0
12.54,319.58,0
12.46,320.55,0
12.38,321.01,0
12.29,320.63,0
12.21,319.68,0
12.12,318.56,0
12.04,317.94,0
11.96,317.01,0
11.88,316.1,0
11.79,315.38,0
11.71,314.8,0
11.62,316.79,0
11.54,318.57,0
11.46,319.77,0
11.38,320.58,0
11.29,319.48,0
11.21,318.54,0
11.12,317.7,0
11.04,316.93,0
10.96,316.19,0
10.88,315,0
10.79,313.83,0
10.71,314.16,0
10.62,315.91,0
10.54,318.18,0
10.46,319.59,0
10.38,320.03,0
10.29,319.02,0
10.21,317.58,0
10.12,316.97,0
10.04,316.43,0
9.96,315.58,0
9.88,314.8,0
9.79,313.26,0
9.71,313.84,0
9.62,314.8,0
9.54,316.54,0
9.46,318.15,0
9.38,318.29,0
9.29,317.72,0
9.21,316.71,0
9.12,316.38,0
9.04,315.62,0
8.96,314.67,0
8.88,313.33,0
8.79,312.66,0
8.71,313.2,0
8.62,314.93,0
8.54,315.86,0
8.46,317.1,0
8.38,317.5,0
8.29,317.45,0
8.21,315.71,0
7.87,314.57,0.41
7.26,315.27,1.16
7.2,316.33,0.13
7.1,314.44,0.79
6.16,315.34,0.64
4.8,314.71,2.21
3.79,313.17,0.63
3.71,312.8,0.63
3.56,312.22,1.42
2.38,312.18,0.41
0.25,312,0.64
-0.33,313.66,2.21
-1.23,309.69,0.41
-2.29,311.57,2.21
-3.34,310.36,0.63
-3.37,312.87,2.21
-4.38,312.56,2.21
-4.44,311.97,2.08
-4.61,311.81,3.12
-5.04,310.44,2.56
-5.24,311.28,0.41
-5.49,310.22,0.63
-6.43,312.36,2.21
-7.79,311.88,2.77
-7.96,312.84,2.56
-8.22,312.39,2.21
-9.16,311.8,2.21
-9.25,307.74,1.16
-10.03,309.8,0.64
-10.41,310.95,0.63
-10.78,311.21,0.63
-11.03,310.46,2.17
-11.84,308.48,0.64
-11.87,311.94,1.34
-12.13,311.52,2.21
-12.23,312.33,0.13
-13.14,307.41,1.16
-14.13,309.34,2.87
-14.29,307.26,1.16
-14.94,306.32,1.16
-16.12,309.63,0.63
-16.41,307.08,2.56
-17.22,305.94,1.16
-17.46,308.28,2.21
-17.71,308.26,0.63
-19.17,305.74,1.45
-20.61,305.38,0.07
-21.26,305.78,0.64
-21.46,305.71,0.94
-21.84,305.67,0.64
-22.2,308.02,3.18
-24.69,304.97,0.63
-25.25,304.72,1.72
-27.16,306.2,3.82
-27.49,303.18,0.94
-30.29,301.88,1.16
-31.33,304.61,2.21
-32.13,303.85,0.67
-34.21,301.92,0.63
-35.61,300.7,2.45
-37.48,301.3,0.63
-38.71,299.26,1.72
-38.9,297.73,1.72
-39.28,298.11,2.56
-40.24,297.87,1.16
-41.48,301.5,2.21
-44.23,299.63,0.64
-44.46,297.33,0.63
-44.65,299.02,0.63
-46.09,295.99,0.94
-48.3,295.61,1.33
-49.82,294.22,1.16
-51.06,297.05,2.21
-51.34,295.28,0.63
-56.24,293.81,0.94
-56.34,293.17,1.72
-56.94,295.32,0.64
-57.12,294.86,1.72
-57.61,295.17,0.63
-60.13,290.92,1.16
-60.99,292.34,0.68
-62.61,294.34,0.63
-64.4,288.12,2.01
-65.82,289.23,0.62
-66.21,289.76,0.94
-67.08,292.46,0.95
-70.05,287.77,1.16
-73.09,289.33,0.63
-76.26,291.56,2.21
-77.17,286.66,1.34
-79.96,286.33,1.16
-80.34,287.99,0.63
-81.59,289.54,1.72
-82.27,287.99,0.41
-83.26,285.05,1.68
-85.87,286.65,1.16
-87.02,285.35,0.94
-88.17,287.17,0.63
-91.16,286.63,0.41
-93.38,283.16,1.16
-95.28,285.57,0.63
-96.29,288.05,2.21
-98.89,285.47,0.63
-99.17,288.79,0.41
-99.74,284,1.16
-102.68,286.84,0.64
-104.1,283.62,1.34
-105.35,283.18,1.16
-105.54,283.53,1.16
-106.71,281.58,1.16
-109.17,283.65,0.63
-113.3,284.15,0.94
-116.82,283.82,0.94
-117.13,285.09,0.95
-123.08,285.91,0.64
-125.26,281.36,0.94
-136.34,284.43,0.94
-150.66,282.8,0.79
-153.53,280.4,1.72
-154.06,282.3,0.63
-155.9,281.62,0.94
-169.7,273.07,0.41
-170.51,280.24,0.63
-176.54,277.86,0.94
-186.3,276.4,0.94
-187.12,277.16,0.63
-197.87,278,0.63
-198.07,276.46,0.94
-200.88,277.6,0.63
-208.74,276.81,0.94
-216.13,278.31,0.94
-226.99,277.01,0.94
-227.14,278.27,1.27
-255.93,277.36,0.63
-260.26,276.32,0.94
-268.11,276.66,0.63
-300.9,278.02,0.63
-310.19,276.69,0.94
-321.4,273.78,0.41
-340.54,271.11,0.41
-346.58,275.07,0.63
-359.01,279.36,0.95
-361.82,281.11,0.94
-376.99,282.57,0.64
-390.14,281.83,0.94
-400.35,283.53,1.27
-420.32,283.95,0.64
-448.47,283.12,0.64
-480.6,280.31,1.27
-500.84,282.23,0.95
-521.2,279.73,0.41
-539.14,279.7,0.94
-559.67,280.91,0.63
-601.15,278.36,0.41
-619.88,284.07,0.64
-642.55,281.58,0.94
-671.8,278.43,0.41
-690.49,282.2,0.94
-698.73,282.41,0.63
-739.05,283.69,0.94
-750.19,284.54,0.64
-784.02,283.97,1.41
-803.71,284.51,1.27
-834.39,282.84,0.94
-850.59,283.09,0.64
-879.8,282.84,0.94
-900.82,280.97,0.63
-909.92,280.92,0.94
-930.73,280.06,0.63
-932.42,279.8,1.34
-967.35,278.74,1.41
-992.35,277.41,0.41
-1035.87,280.11,2.21
-1074.59,279.42,1.41
-1127.67,278.62,1.41
-1156.9,279.72,2.21
-1187.7,279.29,2.21
-1219.57,279.99,0.41
-1248.75,277.1,0.41
-1280.82,278.45,0.41
-1313,279.59,0.41
-1335.48,277.87,0.41
-1367.59,276.2,0.41
-1392.53,278.46,3.85
-1398.38,276.56,0.41
-1432.04,276.79,0.94
-1461.87,277.11,0.41
-1513.06,280,0.41
-1543.64,279.13,0.41
-1565.77,277.25,0.41
-1592.67,277.8,0.41
-1632.45,281.69,0.41
-1654.4,280.91,0.41
-1675.56,280.24,2.56
-1683.9,278.31,0.62
-1709.4,280.25,0.62
-1775.47,277.56,0.41
-1796.47,278.07,0.41
-1814,278.1,1
-1846,277.5,1
-1894,277.4,1
-1920,277.9,1
-1949,276.7,1
-1999.71,278,1.2
-2093.36,276.9,0.7
-2234.24,276.7,0.8
-2265.55,276.7,0.8
-2414.32,277.6,1.3
-2526.12,277.9,0.5
-2628.02,273.9,1.1
-2708.48,278.9,0.6
-2801.76,275.3,1.6
-2904.55,274.7,1.2
-2948.82,276.3,0.9
-3056.6,274.6,0.8
-3255.73,276.3,1.5
-3283.66,273.1,1.1
-3431.12,274,0.3
-3528.29,275,0.6
-3644.46,273.4,1.3
-3693.41,273,0.8
-3806.86,271.5,1
-3856.17,275.4,0.5
-3968.95,274.9,1.3
-4108.67,271.7,1
-4205.84,271.6,0.7
-4275.08,272.8,0.8
-4342.82,271.5,0.9
-4494.36,271.1,0.8
-4592.82,269.1,0.6
-4647.46,269.8,1
-4773,271.5,0.8
-4921.2,270.7,0.5
-4981.58,269.3,1
-5086.79,268.6,1.1
-5218.57,269.8,1.2
-5311.18,267.6,0.6
-5357.55,265.3,1.7
-5533.29,265.2,0.8
-5581.3,267.6,2
-5757.61,265.9,0.9
-5852.26,265.5,0.8
-5934.09,260.7,1.6
-5999.38,266.7,0.9
-6089.81,265.5,0.8
-6301.96,263.2,0.6
-6337.21,262.7,0.9
-6401.24,261.2,0.7
-6572.29,261.1,0.4
-6682.55,259.4,0.6
-6769.65,262.1,0.9
-6880.31,262.9,0.5
-6970.08,258.1,1.4
-7038.27,257.6,0.9
-7188.07,262.3,0.9
-7274.01,263,0.7
-7405.32,260.7,0.6
-7497.87,258.4,0.8
-7661.37,260.1,0.6
-7719.59,260.4,0.4
-7860.18,259.7,0.9
-7926.37,259.2,0.7
-7975.85,260.8,1.4
-8116.28,259.6,0.5
-8194.8,259.3,0.9
-8351.88,258.3,1.2
-8459.68,261.3,0.9
-8546.58,260.7,0.4
-8710.68,261.8,1
-8781.28,259,1.1
-8911.85,260.9,0.7
-8992.99,260.4,0.6
-9060.17,259.3,1
-9143.01,262,0.8
-9295.31,263.7,1.2
-9361.12,263.8,0.8
-9436.7,265.2,0.9
-9518.06,260.6,1.7
-9524.44,260.9,0.6
-9555.86,263,0.4
-9573.27,263.8,1.2
-9901.04,264.4,0.4
-9992.61,264.2,0.9
-10134.5,264,0.3
-10192.95,263.4,0.1
-10299.55,265.7,0.5
-10366.56,264.9,0.4
-10505.55,267.5,0.4
-10680.48,266.9,0.6
-10801.81,266,1.1
-10835.74,265.1,1.6
-10954.48,267.6,0.7
-11089.62,264.8,0.6
-11161.06,264.8,0.4
-11185.87,265,0.8
-11200.58,265.3,0.4
-11256.57,264.4,1.5
-11316.98,264.1,0.7
-11339.37,264.81,1.67
-11383.16,264.84,1.29
-11399.86,268.16,2.55
-11417.45,264.48,2.04
-11435.93,270.14,2.11
-11453.06,268.87,0.7
-11472.8,269.1,2.52
-11490.45,267.17,0.85
-11507.23,267.66,1.15
-11523.93,269.51,0.85
-11543.6,266.9,0.66
-11559.61,262.74,1.42
-11576.41,267.09,0.5
-11592.24,260.7,0.29
-11611.31,261.3,1.52
-11628.97,266.22,2.41
-11647.92,257.13,1.34
-11664.54,247.55,0.34
-11682.82,254.62,0.88
-11701.44,253.99,1.46
-11719.72,256.04,1.26
-11740.65,255.89,1.4
-11759.21,258.74,1.48
-11780.72,258.25,0.33
-11802.79,258.53,1.78
-11820.5,257.17,1.48
-11843.33,254.31,1.34
-11863.12,253.63,1.59
-11883.17,251.56,0.58
-11904.91,255.9,1.16
-11926.96,258.57,5.26
-11948.09,248.92,2.04
-11969.55,253.99,1.3
-11990.69,255.39,1.39
-12015.9,247.85,1.45
-12037.32,248.41,0.35
-12058.8,253.1,0.7
-12079.85,251.03,2.57
-12105.25,255.66,1.99
-12124.58,253.02,0.87
-12146.5,251.14,1.41
-12168.48,251.42,0.85
-12190.41,250.97,0.73
-12211.34,249.65,1.23
-12232.92,249.23,1.6
-12256.48,248.95,1.48
-12280.77,249.38,1.33
-12301.04,248.92,0.29
-12321.28,250.73,1.37
-12343.12,246.97,0.76
-12365.28,244.31,1.16
-12388.31,243,1.21
-12409.38,246.4,1.45
-12431.93,247.67,0.82
-12454.82,245.83,0.56
-12475.39,246.18,0.79
-12495.84,244.42,1.18
-12521.35,246.74,1.29
-12543.72,249.92,1.72
-12564.62,244.27,1.21
-12586.6,247.02,0.27
-12607.64,248.09,1.18
-12629.85,246.94,0.45
-12653.64,243.95,1.68
-12673.9,242.53,0.96
-12697.14,244.24,0.96
-12719.8,241.59,1.07
-12739.91,247.3,0.41
-12762.58,240.02,1.12
-12785.63,241.5,2.09
-12809.27,242.23,1.95
-12830.15,242.15,1.34
-12852.71,239.35,1.29
-12873.98,241.24,1.3
-12893.38,239.44,0.79
-12917.11,238.79,1.12
-12939.23,238.18,2.82
-12959.75,240.71,0.95
-12980.88,237.15,0.81
-13001.06,239.42,2.09
-13021.92,234.68,0.19
-13043.69,238.86,1.94
-13066.59,237.91,2.24
-13088.22,241.56,1.16
-13128.45,234.82,0.11
-13172.67,236.91,0.96
-13216.2,239.41,0.69
-13266.97,240.42,0.15
-13304.15,236.86,0.34
-13418.1,237.83,1.87
-13486.74,240.25,1.41
-13531.75,235.83,0.4
-13600.81,243.86,0.12
-13645.35,238.55,0.46
-13712.83,241.59,1.23
-13758.73,241.11,2.22
-13827.2,239.08,0.1
-13871.57,237.95,0.85
-13940.23,240.57,0.57
-14001.79,235.92,1.04
-14022.86,237.87,1.09
-14060.09,241.27,1.17
-14084.47,232.88,1.52
-14120.06,236.4,0.13
-14156.6,239.24,0.42
-14179.55,239.36,0.81
-14205.56,238.36,1.89
-14237.45,236.6,1.19
-14273.02,240.21,1.33
-14298.72,239.04,0.22
-14308.61,235.8,1.1
-14343.16,242.08,1.09
-14354.48,238.39,0.49
-14374.99,240.33,1.05
-14410.6,242.55,1.42
-14422.23,242.6,1.76
-14443.28,240.95,0.35
-14463.58,238.61,0.77
-14497.21,242.06,2.25
-14520.85,241.14,1.27
-14531.3,243.17,0.81
-14541.66,235.83,0.56
-14552.93,241.73,0.42
-14563.52,239.86,1.46
-14575.93,239.77,1.74
-14586.19,237.97,1.14
-14595.47,235.31,0.61
-14606.21,237.59,0.85
-14619.39,237.97,0.76
-14629.99,240.1,1.12
-14645.2,238.12,0.6
-14652.26,234.62,0.39
-14664.09,233.42,0.29
-14675.12,234.34,1.04
-14686.37,237.49,0.29
-14696.69,228.91,0.44
-14706.96,228.18,0.77
-14718.12,230.53,1.1
-14730.88,234.54,1.23
-14743.19,231.48,1.1
-14758.52,227.9,0.75
-14763.41,224.64,0.78
-14776.28,227.39,1.12
-14787.83,227.79,0.23
-14799.14,228.5,1.02
-14810.61,227.58,0.43
-14822.39,226.51,0.7
-14834.75,228.4,0.01
-14844.77,227.87,0.41
-14857.53,233.17,1.47
-14869.18,232.22,0.59
-14880.66,227.85,1.11
-14892.46,230.63,1.24
-14904.21,228.72,0.54
-14915.91,228.36,0.53
-14929.02,228.47,0.34
-14953.66,228.89,1.23
-14976.48,229.79,2.09
-14987.26,227.65,1.22
-15011.48,228.37,1.02
-15034.78,225.38,0.84
-15072.53,228.99,0.24
-15095.81,234.47,0.02
-15133.53,229.67,0.63
-15156.52,228.81,0.89
-15181.11,227.84,1.04
-15218.88,230.18,0.33
-15243.44,228.27,1.21
-15280.74,225.77,0.92
-15320.94,227.64,1.42
-15345.24,228.92,0.96
-15382.85,225.39,1.57
-15410.08,224.74,0.75
-15462.93,223.27,1.38
-15546.4,223.53,0.35
-15649.43,222.76,1.37
-15704.79,222.16,0.57
-15767.68,224.86,1.87
-15844.95,222.36,0.44
-15920.25,223.51,0.65
-15936.52,223.77,0.64
-15995.49,223.72,2.06
-15998.98,224.41,0.18
-16014.67,222.39,0.89
-16033.78,224.48,1.43
-16083,224.24,0.82
-16114.14,222.41,1.31
-16151.21,224.86,1.02
-16166.71,226.19,0.07
-16187.46,221.49,1.18
-16208.71,227.32,1.21
-16222.96,223.24,0.55
-16240.56,220.49,1.06
-16260.73,218.56,0.97
-16278.74,214.22,0.59
-16296.96,212.84,0.75
-16317.43,214.6,0.6
-16337.25,212.43,1.19
-16354.23,214.83,1.2
-16374.89,211.21,0.5
-16391.89,209.51,0.82
-16410.71,212.95,0.94
-16431.32,211.79,1.81
-16458.38,217.19,0.28
-16472.03,213.94,1.11
-16509.93,207.95,0.12
-16553.51,208.65,0.52
-16590.01,208.46,0.84
-16655.88,213.15,0.81
-16733.53,210.25,1.1
-16797.55,205.53,0.96
-16869.32,205.19,0.96
-16928.83,202.93,0.68
-16994.77,204.32,1.09
-17091.85,202.1,1.05
-17163.7,198.63,1.3
-17236.25,198.29,0.78
-17287.9,195.88,0.5
-17311.87,194.65,0.27
-17360.5,190.5,0.91
-17385.3,193.02,0.39
-17410.03,191.89,0.27
-17434.97,190.76,0.47
-17460.99,193,0.46
-17485.29,191.48,0.5
-17510.87,191.59,0.05
-17534.59,192.37,0.61
-17561.46,192.62,0.3
-17586.25,196.96,0.86
-17612,195.79,0.24
-17637.88,193.21,1.23
-17665.06,194.38,0.56
-17691.21,191.52,1.33
-17717.05,189.52,0.56
-17743.75,190.41,0.24
-17769.71,191.7,0.33
-17797.57,187.25,0.66
-17825.43,191.21,1.24
-17854.6,189.52,0.72
-17881,190.26,1.19
-17907.16,191.72,0.26
-17935.99,188.54,0.98
-17965.83,188.66,0.1
-17992.04,188.96,0.64
-18024.45,187.79,1.1
-18050.09,187.73,0.5
-18081.6,188.64,0.47
-18110.63,188.59,1.48
-18139.76,184.88,0.23
-18173.16,189.01,1.13
-18201.79,185.65,0.95
-18232.18,188.88,0.47
-18264.68,188.52,1.16
-18295.81,189.03,0.19
-18324.39,187.12,0.84
-18360.35,188.73,0.18
-18391.16,188.21,1.16
-18422.43,188.47,0.75
-18457.83,187.45,1.07
-18486.59,187.09,0.7
-18519.99,187.67,0.14
-18582.94,188.57,0.62
-18677.4,193.9,0.5
-18747.05,191.27,1.01
-18803.64,192.97,1.1
-18835.15,188.44,0.82
-18866.91,188.5,0.53
-18993.82,192.71,1.75
-19152.79,191.09,1.12
-19282.16,191.58,0.84
-19442.73,191.52,1.3
-19568.15,188.95,0.25
-19629.49,191.42,0.59
-19791.19,193.6,0.53
-19883.88,196.06,0.42
-20018.7,193.72,0.75
-20213.31,190.47,1.21
-20407.6,189.99,0.65
-20536.8,193.93,0.69
-20666.49,187.76,0.93
-20828.39,192.66,1.09
-20964.43,190.87,0.82
-21067.69,188.4,0.87
-21212.7,190.05,0.07
-21345.18,187.24,1.16
-21562.85,185.23,0.31
-21790.59,187.96,0.22
-21913.63,190.78,0.95
-22055.59,187.38,1.55
-22230.89,191.27,0.99
-22292.2,187.22,0.45
-22347.6,187.02,1.25
-22550.1,184.68,0.2
-22604.1,185.21,1.63
-22650.8,188.49,0.23
-22749.3,190.01,0.25
-22833.6,186.13,0.13
-22994,189.4,1.13
-23013.8,190.53,0.64
-23107.3,190.08,0.82
-23185,188.6,0.87
-23276.7,197.67,1.29
-23358.4,193.53,1.72
-23445.2,186.78,0.46
-23600.5,187.99,0.41
-23873.8,183.13,0.03
-24077.7,184.68,0.62
-24269.8,186.73,0.92
-24643.6,180.57,2.72
-25163.6,180.69,0.78
-25351.1,182.66,0.08
-25543.6,183.38,0.62
-25786,186.54,0.58
-26016,184.52,0.41
-26254.5,184.57,0.52
-26315,183.77,0.53
-26460.7,186.01,0.81
-26537.1,185.51,0.53
-26703.7,185.44,0.33
-26857.8,186.43,0.22
-26954.9,188.08,0.8
-27042,187.39,0.21
-27084.8,186.27,0.06
-27170.2,194.93,0.48
-27280.1,190.06,0.47
-27441.9,191.95,0.84
-27502.8,191.23,1.92
-27549.7,191.53,1.94
-27586.4,191.95,0.38
-27661.3,191.46,0.69
-27687,192.71,0.08
-27714.1,190.61,1.64
-27718.6,189.3,0.32
-27820.7,187.59,0.87
-27866.4,190.58,0.49
-27885,189.28,0.12
-27927.1,188.99,0.39
-27973.2,189.29,0.31
-28097.3,189.96,0.64
-28214.1,191.82,0.28
-28271.6,191.59,0.32
-28369.7,192.63,1.67
-28413.9,189.16,0.24
-28426.9,189.65,0.56
-28577.4,193.1,0.05
-28626.4,192.82,0.16
-28724.3,193.8,0.2
-28841.9,193.89,0.34
-28902.7,192.69,0.54
-28948.6,193.26,0.73
-29008.9,192.87,0.49
-29150.7,192.26,0.17
-29205.3,188.1,0.03
-29249.6,192.39,0.97
-29323.9,191.01,0.89
-29366.1,189.83,0.3
-29410.2,189.21,0.66
-29609.2,189.24,0.04
-29681.2,189.77,0.25
-29742.8,191.28,0.27
-29837.8,190.97,0.16
-29952.1,191.38,1.23
-29999,191.57,0.22
-30101.5,188.25,0.59
-30181.7,188.48,0.62
-30277.9,186.52,0.08
-30312.7,185.99,0.6
-30400.5,184.3,0.3
-30528.8,182.94,0.43
-30713,187.14,0.2
-30775.7,190.33,0.73
-31105.2,188,0.06
-31356.4,188.48,0.78
-31524.1,189.95,0.36
-31792.1,193.71,1.23
-31818.4,192.93,1.13
-31933.9,192.51,0.11
-32026.9,193.33,0.43
-32079.6,193.91,1.12
-32147.5,196.42,0.49
-32150.6,196.91,1.31
-32307.9,192.47,1.94
-32361.2,195.25,0.28
-32434.8,194.11,0.53
-32511.1,194.61,0.37
-32594.6,194.43,0.41
-32677.8,195.08,0.29
-32714.1,195.94,0.26
-32813.1,199.3,2.55
-32880.9,196.7,0.8
-33009,196.33,0.46
-33148.3,197.65,0.22
-33417.5,196.9,0.54
-33491.4,197.13,0.41
-33555.3,197.8,0.27
-33758.1,200.03,0.69
-33841,195.63,0.74
-33885.7,195.27,0.45
-33907.5,194.46,0.66
-33925.9,194.47,0.03
-33957,196.47,0.45
-33991.5,195.41,0.33
-34064.2,195.93,1.02
-34190.3,194.89,0.62
-34250.8,195.79,0.76
-34312.8,196.27,0.24
-34334.4,196.2,0.32
-34556.9,199.65,0.74
-34602.6,199.49,0.64
-34620,200.29,0.43
-34647.8,198.89,0.98
-34710.6,197.16,1.2
-34825.6,202.8,0.03
-34866.8,203.09,0.48
-35089.6,198.78,0.57
-35165.8,203.6,0.36
-35281.7,205.38,0.1
-35337,204.47,1.22
-35359.4,203.62,0.87
-35383,201.36,0.26
-35445.8,200.3,0.8
-35497.1,201.06,1.01
-35508.5,202.04,0.9
-35530.7,201.89,0.65
-35568,201.83,0.99
-35672.5,201.81,0.24
-35701.6,200.5,0.63
-35854.6,203.29,1.07
-35948.3,198.8,0.37
-36086.5,204.12,1.32
-36173.1,201.78,0.23
-36261.8,200.09,0.63
-36506.3,198.96,0.95
-36591.8,205.1,1.14
-36669.6,203.77,0.16
-36712.8,203.75,0.01
-36820.2,202.76,1.16
-36939.8,203.51,0.23
-37023.4,206.36,1.13
-37118.6,210.16,0.89
-37143.2,207.35,0.16
-37296.5,208.25,0.95
-37302,209.66,0.59
-37338.1,206.59,0.12
-37431,212.51,1.47
-37461.3,209.84,0.53
-37618.6,214.3,0.4
-37647.5,212.14,0.72
-37777.2,212.09,1.62
-37895,214.21,1.09
-38000.3,211.21,0.68
-38088.5,214.36,1.48
-38165.6,208.34,0.59
-38192.4,206.52,0.45
-38284.2,207.41,0.17
-38359.2,208,0.67
-38412.8,210.79,0.64
-38472.9,207.23,0.04
-38533.2,210.08,0.4
-38573.6,208.23,1.98
-38621.8,204.79,0.46
-38670.8,204.46,0.74
-38723.4,206.54,0.31
-38812.6,206.09,0.26
-38874.7,205.65,0.02
-38955.6,205.99,1.31
-38976.8,202.34,1.42
-39053.6,204.28,0.68
-39120.5,207.32,0.2
-39265.7,208.69,1.7
-39303.2,209.5,0.47
-39319.9,209.33,0.48
-39339.8,207.87,0.79
-39379.4,204.78,1.06
-39402.9,191.53,0.9
-39454.4,198.14,1.03
-39515.4,200.4,1.36
-39621,195.7,2.08
-39709.2,196.67,1.06
-39757.1,193.58,1.16
-39885,193.87,0.2
-39900.5,197.55,0.67
-40042.7,192.6,2.21
-40112.1,193.08,0.44
-40145.3,193.69,0.42
-40308.4,197.9,1.39
-40485.95,201.32,1.37
-40553.44,201.48,1.09
-40754.3,200.47,0.74
-40907.39,200.97,1.92
-41167.9,201.53,1.88
-41303.59,204.19,1.54
-41605.97,205.49,0.99
-41759.21,201.12,1
-41900.69,199.89,1.36
-42315.82,200.9,1.24
-42628.3,204.83,0.19
-42849.87,206.35,1.07
-42968.08,204.26,0.76
-43171.89,203.16,1.43
-43350.66,201.66,1.81
-43515.82,204.22,0.86
-43661.16,203.18,1.05
-43809.01,201.69,1.13
-44095.2,204.31,0.92
-44204.45,202,0.52
-44350.47,206.22,1.86
-44490.5,204.83,1.32
-44655.54,212.29,0.85
-44816.01,210.44,0.56
-44996.16,211.49,0.35
-45142.02,207.95,0.71
-45280.39,213.92,0.82
-45460.32,214.5,0.81
-45696.06,217.51,2.16
-45877.11,222.72,0.33
-46057.33,221.77,1.74
-46181.26,219.25,1.19
-46308.55,218.35,1.45
-46635.9,216.42,1.44
-46746.44,214.18,0.99
-46887.94,210.84,1.5
-47086.28,210.27,0.53
-47314.98,207.6,1.2
-47524.36,204.26,0.98
-47710.39,203.79,0.39
-47943.75,205.66,0.97
-48223.18,206.18,2.05
-48427.86,200.98,0.56
-48987.95,201.58,0.88
-49302.98,200.12,0.4
-49462.66,204.06,1.22
-49728.32,203.87,1.26
-50006.51,204.38,1.65
-50220.55,206.74,0.48
-50527.41,207.41,0.46
-51029.17,207.64,0.91
-51431.45,211.57,0.39
-51779.53,215.08,1.77
-52086.82,213.82,0.73
-52384.78,219.08,0.28
-52573.68,220.72,0.36
-52800.74,221.15,1.09
-53108.25,223.72,1.68
-53400.45,223.26,0.89
-53806.25,221.14,1.49
-54156.6,220.37,0.85
-54387.13,217.96,1.84
-54694.61,213.89,1.14
-55014.49,216.86,0.61
-55293.46,208.19,0.72
-55553.13,214.78,0.55
-55909.54,210.27,1.23
-56237.13,207.67,0.81
-56503.58,212.44,0.67
-57210.94,215.7,0.63
-57476.27,217.38,2.49
-57843.72,223.72,0.49
-58217.01,224.35,0.8
-58433.32,223.15,1.22
-59105.07,231.29,0.15
-59380.41,226.35,1.37
-59733.47,223.45,0.7
-60109.88,216.66,0.84
-60373.06,212.87,0.71
-60516.63,217.25,0.6
-60817.62,213.78,1.38
-61060.88,207.95,1.26
-61234.84,210.57,1.01
-61554.11,210.9,0.7
-61900.72,206.38,1.2
-62552.01,202.56,0.95
-62774.57,202.71,2.34
-62960.9,200.15,0.65
-63555.79,197.4,1.22
-63896.88,197.24,0.78
-64113.78,199.73,1.31
-64657.29,203.7,0.51
-64867.42,201.67,1.19
-65046.72,199.17,0.66
-65546.45,208.98,3.34
-65764.51,198.17,0.74
-65937.23,200.59,1.46
-66439.31,204.39,2.87
-66959.71,207.21,1.69
-67314.59,201.14,2
-67729.68,203.76,1.06
-68146.19,200.17,1.62
-68619.99,203.43,0.57
-69081.53,205.42,0.89
-69592.02,211.26,1.13
-70052.16,215.55,1.78
-70427.26,220.33,0.55
-70928.87,225.17,1.38
-71279.17,235.02,1.24
-71693.65,237.56,0.75
-72092.81,239.46,0.88
-72490.15,232.79,0.94
-72866.04,232.33,0.97
-73219.32,230.89,2.09
-73750.96,232.74,0.94
-74221.48,231.33,0.7
-74525.65,241.24,0.98
-75067.95,243.27,1.62
-75545.13,249.52,0.74
-75850.65,249.94,0.63
-76247.47,239.34,1.12
-76696.74,238.01,1.98
-77056.48,231.68,1.54
-77615.92,224.92,1.3
-78080.75,226.65,0.84
-78507.95,224.14,0.65
-78969.54,227.3,0.56
-79410.36,229.26,1.34
-79877.76,234.74,0.72
-80330.36,230.6,0.62
-80721.79,233.92,1.46
-81206.94,230.33,0.8
-81711.43,234.13,1.17
-82068.79,238.89,0.94
-82526.72,240.87,1.64
-82988.26,246.32,0.7
-83554.11,247.1,1
-83940.9,250.79,0.8
-84357.44,243.16,0.76
-84936.77,238.42,1.1
-85367.47,234.69,0.6
-85890.69,228.76,1.57
-86498.32,223.38,0.72
-87027.64,221.06,2.32
-87581.18,223.63,0.93
-88136.18,217.8,1.57
-88701.05,223.99,0.5
-89244.72,227.38,1.1
-89696.26,228.88,0.58
-90317.29,229.74,1.29
-90834.02,231.56,0.57
-91445.03,231.12,0.57
-91949.74,233.74,1.11
-92667.82,232.46,2.22
-93424.71,235.16,0.83
-93823.21,238.21,0.77
-94568.55,242.41,0.53
-95234.11,242.91,1.07
-95921.48,246.2,1.54
-96474.88,245.76,0.6
-97270.89,242.35,2.04
-97927.46,239.86,0.45
-98583.72,243.18,0.23
-99361.42,242.99,1.01
-100076.85,245.63,1.07
-100543.18,247.87,1.1
-101325.68,244.76,1.13
-101971.89,240.07,0.94
-102764.78,237.07,1.75
-103308.74,240.68,0.94
-104274.33,247.76,0.83
-104331.23,238.88,1.55
-104966.45,242.36,2.65
-105507.15,248.78,9.96
-105989.87,257.58,4.2
-106256.38,241.4,2.65
-106368.25,244.83,3.05
-106974.82,240.34,2.65
-108401.91,236.43,2.65
-109129.42,244.44,1.58
-109839.97,244.13,2.65
-110555.36,246.69,2.65
-111876.8,257.93,2.94
-112636.06,256.79,2.65
-112941.73,263.12,2.65
-113119.27,264.75,3.64
-113678.64,260.58,2.65
-114250,267.9,2.65
-114815.39,275.07,2.65
-115446.67,276.96,1.63
-115908.58,273.16,2.65
-116475.58,273.63,2.65
-117185.55,274.03,2.65
-117619.36,274.98,4.03
-118658.27,277.72,2.65
-119242.52,267.74,2.65
-119715.5,274.59,1.3
-120144.12,268.73,2.65
-120542.91,276.82,2.65
-121426.02,279.48,2.26
-121841.97,276.61,2.65
-122100,278.25,3.4
-122292.36,279,2.65
-123013.95,279.16,2.65
-123630.91,274.6,6.56
-123959.48,275.87,2.65
-124404.52,281.54,2.65
-124817.45,275.52,2.65
-125292.63,276.81,2.78
-126013.7,275.15,2.65
-126699.91,273.02,2.65
-126962.03,274.93,2.65
-127313.83,275.78,2.65
-127503.55,276.88,3.83
-128024.48,276.03,0.28
-128172.67,280.72,2.65
-128466.73,285.76,2.65
-128878,271.08,2.65
-129078.04,268.44,1.92
-129655.64,260.61,3.45
-130373.03,251.84,2.65
-130818.36,250.84,2.65
-131322.2,241.13,1.89
-131976.24,232.28,2.65
-132709.88,228,2.65
-132931.96,224.63,2.65
-133775.81,222.74,2.65
-134522.28,212.43,2.65
-136565.55,203.74,0.79
-137763.42,199.18,2.65
-138834.3,198.55,1.08
-139949.97,192.75,0.19
-142360.56,196.51,0.95
-143651.3,194.59,2.65
-144799.59,196.02,2.65
-146108.24,193.59,0.64
-148233.47,195.81,4.05
-149466.15,201.78,2.65
-150594.88,202.51,2.65
-151444.85,202.35,1.86
-153774.66,198.78,1.73
-154889.13,196.3,2.65
-156306.82,189.38,2.65
-158666,189,3
-159716,185.5,3
-160155,187.5,3
-163858,204.3,3
-164334.65,196.5,3
-166143,191.6,3
-166784,190.1,3
-167914.1,186.7,3
-168745.5,183.8,3
-169514.4,196.6,3
-171939,197.8,3
-174442,197.7,3
-175833.35,196,3
-176853,190.3,3
-177533.93,189.4,3
-177729.5,190.1,3
-179873,207.7,3
-181302,213.2,3
-182196,217.7,3
-183258,198.1,3
-184371,199.7,3
-186411,203.4,3
-188437,210.7,3
-189806.5,231.3,3
-191254.5,231.4,3
-191964.08,220.3,3
-193074.5,218,3
-195126.5,226.5,3
-195799.5,220,3
-197587.35,226.4,3
-198327.45,241.2,3
-198938,242.6,3
-201752,250.9,3
-202744.5,239.1,3
-203842,247.6,3
-205203.28,244.4,3
-205575.76,231.9,3
-205944.58,232.2,3
-206359.94,228.6,3
-206896.85,226.3,3
-207240.3,229.4,3
-207622.89,231.4,3
-208108.78,238.1,3
-208274.53,237.2,3
-208821.57,230,3
-209082.26,240.5,3
-209445.04,242.2,3
-209966.09,244.6,3
-210175.17,243.9,3
-210832.07,247.2,3
-211058.47,252,3
-211577.84,246.9,3
-212078.75,239.5,3
-212533.08,257.4,3
-213330.35,243.4,3
-214158.81,251.2,3
-215080.75,241.4,3
-215912.34,240.3,3
-216306.15,242.6,3
-216864.97,247.5,3
-217415.64,251.7,3
-217694.96,251.1,3
-218200.79,245.3,3
-219067.61,240.5,3
-220935.62,214.1,3
-221697.46,216.1,3
-222539.58,207.1,3
-223129.04,208.8,3
-224271.51,205.6,3
-226259.83,203.3,3
-226849.84,215.7,3
-227719.98,235.5,3
-228439.42,234.5,3
-228766.99,233.1,3
-229572.05,224.5,3
-231129.66,232.4,3
-232191.77,233.9,3
-232856.06,241.6,3
-235990.86,245.2,3
-236426.01,252.1,3
-236850.8,241.4,3
-237391.66,247.4,3
-237905.53,243.1,3
-238425.34,239.1,3
-239008.26,245.6,3
-239387.04,245.8,3
-239738.66,247.4,3
-240190.37,252.8,3
-241333.05,259.7,3
-241855.4,263.2,3
-242685.46,279,3
-243138.52,280.2,3
-244121.77,263.7,3
-244582.34,252.3,3
-245057.01,249.9,3
-245564,236.7,3
-246188.81,230.4,3
-246870.49,219.4,3
-249099.87,214.7,3
-251390.57,200.2,3
-252132.26,213.9,3
-252953.72,195.4,3
-253756.68,196.7,3
-254587.11,195.4,3
-256298.66,199,3
-257060.59,201.9,3
-257908.07,204,3
-259396.9,203.9,3
-260894.24,209.6,3
-261293.92,205.7,3
-262054.58,208.9,3
-262817.1,214.6,3
-264583.76,228.1,3
-266134.45,199.9,3
-267007,211.7,3
-268257.83,188.7,3
-268995.5,187.2,3
-269940.47,194.2,3
-271036.04,198.8,3
-272149.64,184.7,3
-273165.83,190.4,3
-274164.08,193.9,3
-275154.64,194.1,3
-276257.72,198.4,3
-277443,193.2,3
-278590.91,202.2,3
-279619.05,204.5,3
-280558.95,211,3
-281400.74,215.3,3
-282592.89,223.7,3
-284434.68,231.3,3
-285931.32,228,3
-286609.96,226.4,3
-287443.86,231.4,3
-287820.05,230.4,3
-288286.43,231,3
-290184.5,234.9,3
-290863.79,220.4,3
-291562.87,217.1,3
-292818.31,207.6,3
-293650.74,206,3
-294455.29,206.7,3
-295364.23,212.7,3
-296828.87,213.1,3
-298704.62,217.1,3
-299376.28,224.4,3
-300115.87,231,3
-301025.62,236.1,3
-302084.19,239,3
-303116,236,3
-304100.92,240.2,3
-305099.81,240.7,3
-305778.15,250.2,3
-306581.12,248.6,3
-307463.27,244.8,3
-308325.7,225.8,3
-309423.73,227.8,3
-310010.98,226.2,3
-310776.1,233.2,3
-311670.03,237.8,3
-312593.43,239,3
-313343.13,241.9,3
-314051.85,251.6,3
-314836.21,256.7,3
-315657.52,257.1,3
-316450.72,246.8,3
-317149.87,272.6,3
-317932.55,251.6,3
-318852.6,245.2,3
-319829.66,233.4,3
-320916.34,255.8,3
-321817.45,249.2,3
-323383.35,257.2,3
-324166.92,260.4,3
-325007.41,260.3,3
-325823,260.5,3
-326591.09,266.2,3
-327435.84,264,3
-328086.81,266.1,3
-328770.75,270.1,3
-329414.29,271.9,3
-330053.33,275.1,3
-331293.55,265,3
-332144.12,271.7,3
-332798.62,272.6,3
-333500.09,273.1,3
-333997.56,282.4,3
-334349.5,289.1,3
-334543.89,288.4,3
-335102.31,298.6,3
-335707.51,278.1,3
-336377.54,285.8,3
-336867.82,278.6,3
-337516.67,270.5,3
-338213.5,255.7,3
-338991.44,241.9,3
-339983.89,239.6,3
-340735.08,234.2,3
-342791.56,250.1,3
-343923.59,200.7,3
-345000.85,205.2,3
-346320.91,204.8,3
-347544.81,211.9,3
-349139.09,220.3,3
-351676.35,221.1,3
-353174.6,216.2,3
-354412.98,209.4,3
-355817.77,209.2,3
-359010.38,193,3
-360683.84,186.1,3
-362567.6,185.8,3
-365190.23,201.2,3
-368065.9,206.3,3
-371385.87,201.9,3
-373457.62,199.9,3
-375204.6,214.7,3
-377034.88,224.6,3
-378760.24,229.6,3
-382931.49,227,3
-384557.45,240,3
-386283.71,239.1,3
-387824.82,246.8,3
-389410.21,245.8,3
-392287.25,258.1,3
-392977.15,259.5,3
-394003.69,273.6,3
-394906.1,260.7,3
-398275.13,276.3,3
-399926.16,277.1,3
-400710.08,283.2,3
-402140.92,283.1,3
-402859.84,275.7,3
-404313.3,276.5,3
-405062.63,280.5,3
-406542.8,279.6,3
-407282.5,285.6,3
-408818.72,284.5,3
-409598.24,274.7,3
-410453.8,282.6,3
-411347.97,283.5,3
-413258.65,274.9,3
-414210.86,264.9,3
-415179.59,271.6,3
-415945.61,276.4,1.6
-416425.32,271.7,1.2
-417440.44,273.4,1.5
-417956.78,271.8,1.7
-418505.3,274.6,1.8
-419575.78,273.7,0.8
-420133.76,271.2,1.5
-420701.76,273.8,1.6
-421912.15,268.6,1.4
-422532.65,266.4,1.8
-423225.5,270.6,1.1
-424507.75,267.7,2.9
-425132.26,268.3,1.9
-425740.91,270.8,1.1
-426237.27,270,2.5
-426621.56,265.4,2
-427154.96,255.3,1.3
-427941.4,252.1,0.7
-428840.2,248.2,0.9
-429178.36,242.5,1.5
-431023.76,219.7,1.7
-432179.31,227.2,2.2
-433850.3,211.5,1.7
-434379.07,207.6,1.3
-435939.69,209.8,1.6
-437485.42,207.5,1.3
-439063.42,200.3,1.6
-440659.58,201.7,1.6
-442230.78,201.3,1.1
-443844.65,202,1.5
-445331.73,199.1,1.1
-447219.18,201.1,0.9
-448459.18,203.5,0.6
-449571.04,208.1,1.8
-450642.89,201.7,1.7
-451747.28,201.2,2.1
-452735.84,204.9,1.4
-453775.64,201.9,1.8
-454864.31,198.4,1.3
-456001.61,193.3,1.6
-457114.44,192.5,1
-457745.13,199.1,0.6
-458208.29,204.3,1
-458794.01,203.3,1
-459211.55,208.3,1.4
-460252.21,202.4,1.3
-461286.06,195.5,0.8
-462414.1,190.7,1.9
-463526.65,194.4,0.7
-464599.47,199.9,2.6
-465265.36,205.2,0.9
-465601.73,210,0.7
-466632.3,208.1,2.2
-467706.64,204.4,1.9
-468877.71,203.4,1.2
-470040.13,205.5,0.9
-470725.98,206.5,0.9
-471200.79,215.5,2.3
-471824.53,218.7,0.9
-472263.07,229.2,1.4
-472863.27,232.7,0.7
-473217.82,243.7,1.8
-473800.85,243.9,1.1
-474092.36,245.6,0.9
-474974.11,241.2,1.7
-475925.2,233.1,0.6
-476949.8,232.8,1.1
-477941,236.6,1
-478892.46,239.1,0.9
-479402.95,236.5,1.2
-479775.69,231.3,1
-480328.3,220.8,0.7
-480726.68,218.8,2.3
-481662.96,223.8,1.4
-482580.96,223.4,1.7
-483395.38,227.3,1.3
-484179.79,231.4,1.1
-484936.18,231.4,1.3
-485667.52,231.2,1.2
-486398.67,233,1.4
-487129.25,232.9,1.2
-487848.07,231.3,1.2
-488565.45,237.1,1.8
-489302.09,242,0.2
-489719.79,240.9,0.4
-490026.29,252.8,2.5
-490494.91,249.3,2.7
-490733.95,242.6,0.6
-491451.08,243.3,1.3
-492154.55,246.7,1.6
-492863.78,243.7,1.4
-493593.11,239.7,1.9
-494300.39,239.1,1.2
-495024.13,238.3,2
-495725.69,238.5,1.4
-496444.07,237.6,1.6
-497187.63,236.4,2.1
-497965.98,236.5,1.7
-498737.42,232.8,0.8
-499526.78,230.6,0.5
-500304.78,230.8,1
-501083.96,228.2,1.7
-501861.42,230.8,1.4
-502637.64,231.2,0.8
-503418.93,232,1.6
-504177.19,232.2,1.4
-504911.78,234.1,0.8
-505684.24,233.9,1.1
-506483.73,235.5,1.8
-507312.4,236,2.1
-508117.72,238.2,0.9
-508940.98,237,0.8
-509784.98,240.3,0.7
-510652.33,233.4,1
-511512.45,236.4,1.4
-512363.78,235.2,0.5
-513204.74,242,0.8
-514033.12,238.2,1
-514847.78,239.2,1.2
-515650.78,241.5,1.3
-516420.98,243,0.5
-517154.98,247.2,2.2
-517876.01,246.2,2.6
-518600.46,245.5,1.1
-519329.13,245.3,1.3
-520073.36,247.7,1.4
-520821.81,245.5,0.8
-521574.47,243.5,0.7
-523801.82,241.9,1.4
-524570.87,236.8,0.8
-525337,235.8,1.2
-526107,233.7,0.7
-526895.81,230.3,0.8
-527698.69,227.8,0.6
-528516.69,224.7,1.9
-529403.43,222.7,1
-530290.51,221.2,1.2
-531201.38,220.3,0.5
-532078.76,220.7,0.9
-532592.53,214.5,0.5
-532987.57,211.4,2.2
-533554.37,204.4,0.6
-533932.24,200,0.8
-534668.18,195.1,0.7
-535043.56,193.8,0.8
-535695.05,190.5,1.7
-536178.47,199.8,1.2
-537334.47,199.4,0.8
-538440.76,205,0.9
-539513.82,206.4,0.7
-540583.82,212.9,1.3
-541653.82,211.2,0.7
-542740.21,205,0.8
-543844.87,203.6,1.2
-544885.99,208.1,0.8
-545864.91,210.3,1.6
-546830.15,209.6,1.6
-547806.68,209.7,0.8
-548770.78,204.6,1.9
-549720.11,202.5,1.6
-550230.73,208.8,0.7
-550582.55,213.6,0.9
-551381.09,215.2,0.5
-552111.09,219.9,0.5
-552681.56,221.7,1.4
-553020.92,222.3,0.9
-553245.99,226.3,0.9
-553619.39,222.1,1.1
-553808.65,220.3,0.3
-554479.62,223.6,1.1
-555158.35,224.3,2.2
-555842.35,226.7,1.2
-556407.02,233.9,1.5
-556923.29,241,1.4
-557198.65,243,0.8
-557385.05,249.1,2.1
-557657.14,244,1.5
-557838.21,250.5,0.8
-558154.56,245.6,1.3
-558306.02,240.4,0.9
-558777.69,238.1,1.2
-559316.01,234.5,1
-559636.76,229.7,0.4
-559872.62,230.2,0.7
-560436.62,230.3,1.5
-560965.6,228.3,0.9
-561450.74,231.6,1.2
-561888.07,231.9,1.2
-562310.49,234.6,1.5
-562655.6,234.1,0.9
-563134.85,240.1,2.1
-563535.74,242.3,0.5
-563927.9,245.7,1.8
-564310.56,245.8,0.5
-564724.36,247.6,1.5
-565134.3,251.4,1.7
-565538.96,252.4,1.7
-565895.64,252.6,1
-566245.3,251.4,0.7
-566588.64,253.7,0.8
-566918.35,254.3,1.6
-567239.49,253.9,0.7
-567548.65,254.5,1.6
-567884.89,253.2,0.9
-568204.14,253.9,1.2
-568534.24,252.8,1.1
-568930.15,253,0.6
-569314.59,250.2,0.4
-569683.93,251.3,1.3
-570067.25,250,1.3
-570463.46,251.3,1.3
-570862.13,251.8,1.2
-571261.44,251.8,1.3
-571633.36,249.6,0.5
-571974.69,251.6,1.7
-572315.5,250.3,1.04
-572669.87,246.31,1.15
-573053.52,247.66,0.68
-573475.75,249.19,1.08
-573913.02,248.72,0.39
-574364.65,251.77,1.78
-574806,251.86,0.7
-575233.96,252.08,1.3
-575654.53,248.86,0.98
-576112.85,252.54,0.52
-576599.1,252.9,1.06
-577115.1,251.3,1.06
-577653.85,251.34,1.13
-578196.35,251.08,0.6
-578742.35,249.06,0.48
-579280.55,252.92,1.07
-579833.12,251.47,1.8
-580210.5,244.14,1.67
-580401.78,243.81,0.87
-580814,236.17,0.3
-581118.65,230.26,0.57
-581546.53,225.21,1.57
-581928.3,219.41,0.81
-582454.53,215.45,1.07
-582836.3,209.88,1.18
-583574.25,206.68,0.51
-583958.8,210.64,0.64
-586720.84,223.96,0.87
-587171.85,225.99,1.45
-587888.67,234.4,0.5
-588279.35,238.78,0.98
-588940.9,246.35,1.8
-589425.35,250.2,0.4
-590040.15,248.1,0.56
-590488.8,243.56,0.76
-591019.47,237.38,0.75
-592383.47,225.68,1.13
-592785.52,229.39,1.25
-593561.25,233.16,0.28
-594046.75,238.15,0.89
-594863.81,237.98,1.05
-595436.47,232.92,0.6
-596221.56,221.22,1.77
-596791.13,216.44,0.91
-597803.61,216.27,1.48
-598329.75,219.02,1
-599218.22,225.97,1.14
-599814.63,229.38,1.39
-601255.15,232.45,1.3
-602600.75,237.86,0.79
-603949.15,239.14,1.09
-605303.15,244.53,0.7
-606625.91,248.48,1.68
-607979.3,254.58,1.22
-609247.3,259.22,1.82
-610429.5,257.74,0.46
-611551.01,257.82,2.11
-611600.63,259.68,1.16
-612761.97,258.14,1.41
-613942.8,256.19,0.39
-615140.6,252.75,1.06
-616299.12,252.9,0.62
-616356.6,252.73,0.94
-617609.57,252.64,1.06
-618953.75,248.29,1
-620283.75,245.89,0.29
-621651.45,243.53,0.81
-622950.73,243.89,2.84
-623054.95,239.19,0.83
-624496.95,237.93,1.02
-625397.92,235.02,0.35
-626047.5,228.51,0.88
-626969.43,215.71,0.48
-627830.1,205.76,0.94
-629139.62,199.52,0.77
-629769.85,205.27,0.87
-629866.1,200.78,0.5
-631526.32,200.46,1.81
-632356.94,196.5,1.51
-634077.54,193.1,1.55
-634881.14,195.95,1.53
-635009.03,194.86,1.76
-636521.56,194,0.66
-637714.37,195.33,1.85
-639418.27,188.85,0.96
-640372.25,190.18,0.5
-642074.6,191.38,1.05
-642856.65,191.56,1.13
-644300.83,195.31,1.25
-645150.65,195.82,0.95
-646376.95,189.89,2.02
-647254.85,191.85,1
-648612.42,193.48,0.74
-649191.1,196.17,0.44
-650348.46,189.25,1.22
-650947.1,193.44,0.71
-652104.26,187.27,0.54
-652708.95,186.79,0.97
-653730.25,192.87,1.85
-654438.65,194.82,0.98
-655524.35,200,0.53
-656132.65,200.35,0.75
-657181.09,192.93,0.65
-657654.21,189.23,1.78
-657722,190.88,0.87
-658764.1,184.1,0.29
-659293.82,187.38,1.06
-659411.9,185.68,0.41
-660463.55,188.43,0.95
-661118.32,193.97,0.99
-661215.9,191.59,0.77
-662282.18,189.69,1.52
-662796.61,193.91,2.12
-662877.55,190.86,1.02
-663937.52,191.02,1.2
-664320.4,192.55,1.3
-664408.09,187.77,0.83
-665321.94,180.17,1.12
-665836.52,180.54,1.12
-666753.36,174.77,1.04
-667409.86,173.71,1.38
-668415.26,177.71,0.68
-668915.54,180.67,0.71
-669819.3,187.66,0.18
-670296.32,191.51,0.92
-671070.75,194.88,0.97
-671457.93,196.83,0.69
-672150.88,194.79,0.58
-672761.38,197.13,0.99
-673696.11,201.12,1
-674229.38,204.67,0.73
-675028.4,211.69,0.58
-675406.53,216.12,0.81
-676530.74,222.57,0.76
-677152.31,219.96,0.61
-677600.74,216.59,0.93
-678328.18,218.21,1.38
-678741.62,220.09,1.52
-679455.37,229.16,0.81
-679735.17,232.7,0.9
-680312.58,233.61,0.55
-680627.61,233.11,1.16
-681225.67,225.81,1.21
-681669.93,227.9,1.32
-682343.71,221.31,0.89
-682740.09,219.14,0.95
-683457.86,220.24,1.68
-683828.75,222.7,0.6
-684423.68,225.64,1.65
-684758.06,224.36,1.29
-685294.84,221.82,0.77
-685679.87,220.62,0.7
-686269.11,220.63,1.39
-686581.81,222.62,1.05
-687154.04,222.7,1.05
-687445.5,222.97,1.24
-688000.38,226.73,1
-688300.13,227.65,1.34
-688809.87,227.64,1.14
-689157.83,230.67,1.66
-689693.26,232.07,1.29
-689951.45,232.27,1.49
-690474.65,235.8,0.99
-690736.39,236.45,0.53
-691221.83,239.29,1.05
-691467.67,238.42,1.24
-691967.96,239.38,1.95
-692318.34,243.56,0.56
-692832.46,239.3,1.27
-693077.09,238.47,2.15
-693574.04,243.7,2.1
-693821.29,237.76,0.84
-694280.35,239.34,0.99
-694536.82,240.46,0.71
-694949.14,239.31,0.91
-695259.26,239.8,1.42
-695732.31,236.8,0.57
-695981.88,238.74,1.46
-696434.89,238.05,1.52
-696644.83,238.13,1.28
-697090.29,239.44,0.96
-697342.45,238.42,1.11
-697746.68,239.88,1.27
-698039,241.03,0.79
-698505.54,240.9,1.92
-698753.23,241.83,0.73
-699215.75,238.86,1.02
-699439.02,239.01,0.65
-699864.71,239.73,0.8
-700103.69,237.21,0.55
-700485.02,236.72,0.65
-700814.84,236.61,0.48
-701268.53,235.42,0.97
-701524.52,232.46,0.54
-701993.15,230.88,1.02
-702200.92,232.16,0.75
-702734.27,232.18,1.62
-703009.98,230.59,0.26
-703468.52,233.35,1.26
-703796.07,232.28,1.12
-704250.52,232.83,0.52
-704581.81,233.54,1.36
-705053.34,234.04,0.46
-705243.91,235.09,1.68
-705726.95,237.18,1.33
-706053.2,237.66,1.57
-706492.95,236.05,1.75
-706710.74,236.05,0.93
-707310.7,238.85,0.8
-707643.73,233.51,1.46
-708199.68,233.58,1
-708413.45,233.11,1.01
-708959.15,234.84,1.15
-709453.79,231.43,0.86
-709909.55,230.51,0.99
-710456.45,227.03,0.73
-710983.36,224.9,0.62
-711399.04,225.39,0.29
-712021.47,224.12,1.49
-712243.73,224,1.45
-713312.5,223.89,0.47
-714065.58,227.64,1.61
-714403.8,227.08,2.01
-715115.73,223.14,0.59
-715565.38,227.58,0.55
-716310.16,213.6,0.66
-716585.91,210.51,1.65
-717348.27,198.43,1.17
-717955.48,189.88,1.13
-718778.35,193.46,1.64
-719287.18,200.82,0.75
-720087.29,212.03,0.84
-720590.76,217.04,0.9
-721407.52,219.2,1.18
-721689.86,218.96,1.27
-722505.81,216.1,2.02
-722994.59,212.11,0.69
-723780.23,212.55,1.77
-724142,214.01,1.19
-724975.36,210.48,0.37
-725474.43,211.49,1.28
-726249.59,211.08,1.07
-726576.86,211.43,0.77
-727898.5,210.07,1.62
-728593.9,210.24,0.83
-728987.53,211.08,0.78
-729836.94,210.01,1.01
-730260.31,212.17,1.72
-730908.31,210.16,0.69
-731184.23,210.7,0.34
-731861,211.62,0.36
-732321.75,213.73,1.89
-732993.5,208.11,1.24
-733329,207.72,0.81
-734022.23,210.6,1.03
-734462.62,216.15,1.81
-735134.57,214.66,0.71
-735409.91,217.88,0.83
-736107.31,217.19,1.38
-736522.22,213.14,1.66
-737269.82,206.92,1.56
-737660.12,204.52,1.49
-738580.99,191.74,0.93
-739174.56,185.61,0.33
-740106.45,185.4,2.38
-740460.92,183.39,2.4
-741329.9,184.77,2.07
-741874.13,189.14,1.31
-742644.75,188.65,2.71
-743062.17,187.33,0.72
-743959.08,188.18,0.91
-744523.14,188.97,0.9
-745671.05,187.29,1.24
-746619.93,190.24,0.42
-747177.04,187.92,0.32
-747940.2,187.95,1.27
-748336.88,187.54,0.84
-749262.93,188.68,1.26
-749814.18,190.17,1.76
-750706.44,192.08,1.57
-751036.25,191.3,1.38
-751973.87,193.55,1.88
-752565.88,197.5,1.3
-753489.07,195.43,0.34
-753934.65,203.9,1.84
-755114.58,199.05,1.7
-755586.83,203.3,1.53
-756566.17,208.1,1.96
-756850.68,209.45,1.36
-757785.45,213.61,2.15
-758362.42,218.35,2.34
-759135.69,222.72,1.5
-759561.88,226.94,1.42
-759878.21,223.02,0.68
-760108.27,225.37,1.75
-760516.06,225.62,2.33
-760939.94,222.71,1.23
-761864.49,216.64,0.75
-762166.04,214.69,1.12
-763101.8,214,1.86
-763770.58,219.95,0.23
-764676.88,223.89,2.06
-765181.82,222.93,0.92
-765586.64,233.66,3.05
-765851.48,229.41,2.67
-766188.5,232.12,1.38
-766808.91,230.62,0.89
-767747.16,224.86,1.56
-768117.26,223.82,0.51
-769061.38,221.64,0.41
-769651.42,225.87,0.95
-770599.15,230.63,2.11
-771020.67,229.56,1.8
-771519.33,236.32,1.64
-771812.67,234.24,1.61
-772175.26,239.71,1.87
-772474.56,243.89,1.1
-772737.96,246.49,2.17
-772995.64,243.85,2.09
-773249.82,246.03,2.45
-773684.47,237.78,1.51
-774044.14,239.23,1
-774958.81,238.39,2.26
-775538.01,241.74,0.87
-776332.26,245.32,0.36
-776782.7,248.92,0.63
-777681.75,247.3,2.01
-778232.79,252.46,0.67
-779057.98,254.93,0.48
-779367.55,254.69,1.13
-780188.92,254.43,2.36
-780719.44,252.52,0.93
-781562.83,257.21,0.6
-781886.68,251.51,0.7
-782728.45,257.44,0.65
-783198.53,255.02,1.06
-784261.76,260.92,2.51
-785034.08,255.85,0.66
-785519.05,259.66,0.24
-786189.6,262.23,2.57
-786563.26,264.35,1.38
-787355.51,269.36,1.26
-787803.57,266,0.73
-788479.24,257.2,1.52
-788691.87,257.02,2.69
-789494.04,238.64,0.78
-789953.01,235.49,2.99
-790639.41,227.38,0.84
-791056.88,230.55,1.77
-792030.78,224.69,3.67
-792617.3,214.45,2.53
-793519.39,213.36,1.6
-793852.76,218.39,1.93
-795122.45,208.79,1.67
-795687.32,204.62,1.99
-796852.59,198.79,2.1
-797378.82,197.91,1.42
-798681.3,200.49,2.19
-801236.06,198.68,1.74
-802872.09,198.66,0.98
-803709.25,202.65,1.04
-803925.28,202.92,2.06
-804009.87,207.5,0.92
-804522.67,204.86,1.64
-805132.44,202.23,0.69
-805668.87,207.29,2.2